{
  "bottleneck_summary": {
    "insert": "insert breakdown\n  count: 1647\n  latency_ms: mean=290.576 p50=306.231 p95=386.63 p99=439.437\n  top_categories:\n    gpu_ns: 340981 ms (71.2569%)\n    rdma_ns: 98829 ms (20.6529%)\n    cpu_ns: 23582.6 ms (4.92821%)\n    transfer_ns: 15130.9 ms (3.162%)\n",
    "query": "query breakdown\n  count: 9244\n  latency_ms: mean=51.7173 p50=48.4954 p95=82.0935 p99=100.23\n  top_categories:\n    rdma_ns: 279098 ms (58.4685%)\n    gpu_ns: 139922 ms (29.3124%)\n    cpu_ns: 33240.9 ms (6.96366%)\n    transfer_ns: 25086.4 ms (5.25538%)\n"
  },
  "insert_breakdown": {
    "breakdown": {
      "cpu_ns": 23582624889,
      "gpu_ns": 340980836152,
      "rdma_ns": 98829003211,
      "transfer_ns": 15130928269
    },
    "count": 1647,
    "counters": {
      "cache_hits": 6580,
      "cache_misses": 0,
      "cas_failures": 89145,
      "d2h_bytes": 341632156,
      "exact_reranks": 0,
      "h2d_bytes": 267012362616,
      "l2_kernels": 2569311,
      "lock_attempts": 180023,
      "lock_retries": 89145,
      "neighbor_rdma_bytes": 1862043282,
      "overflow_prunes": 337835,
      "prune_kernels": 344480,
      "rabitq_kernels": 0,
      "rabitq_rdma_bytes": 0,
      "rdma_read_bytes": 267358079786,
      "rdma_write_bytes": 221634116,
      "remote_allocations": 6587,
      "vector_rdma_bytes": 265495983872,
      "visited_neighborlists": 0,
      "visited_nodes": 0
    },
    "latency": {
      "end_to_end_ns": 478579247986,
      "mean_end_to_end_ns": 290576349,
      "mean_queue_wait_ns": 33913,
      "mean_service_ns": 290542436,
      "p50_end_to_end_ns": 306230615,
      "p50_service_ns": 306166301,
      "p95_end_to_end_ns": 386629975,
      "p95_service_ns": 386591574,
      "p99_end_to_end_ns": 439437401,
      "p99_service_ns": 439318736,
      "queue_wait_ns": 55855465,
      "service_ns": 478523392521
    },
    "operation": "insert",
    "sub_breakdown": {
      "cpu_ns": {
        "cpu_cache_lookup_ns": 1086052,
        "cpu_insert_beam_update_ns": 492900353,
        "cpu_insert_candidate_collect_ns": 4715395,
        "cpu_insert_candidate_sort_ns": 1026436398,
        "cpu_insert_filter_ns": 1499976179,
        "cpu_insert_finalize_ns": 203629672,
        "cpu_insert_init_ns": 14808011,
        "cpu_insert_neighbor_collect_ns": 35256062,
        "cpu_insert_neighbor_prepare_ns": 304106,
        "cpu_insert_overflow_prepare_ns": 134102195,
        "cpu_insert_preprune_sort_ns": 11255660,
        "cpu_insert_prune_prepare_ns": 19032939,
        "cpu_insert_pruned_neighbor_collect_ns": 39451364,
        "cpu_insert_quantize_prepare_ns": 77207,
        "cpu_insert_runtime_overhead_ns": 3940636072,
        "cpu_insert_select_ns": 354970077,
        "cpu_insert_stage_candidates_ns": 15803987147,
        "cpu_query_beam_sort_ns": 0,
        "cpu_query_beam_update_ns": 0,
        "cpu_query_filter_ns": 0,
        "cpu_query_finalize_ns": 0,
        "cpu_query_rerank_collect_ns": 0,
        "cpu_query_rerank_prepare_ns": 0,
        "cpu_query_rerank_update_ns": 0,
        "cpu_query_result_ids_ns": 0,
        "cpu_query_select_ns": 0,
        "cpu_query_stage_candidates_ns": 0
      },
      "gpu_ns": {
        "gpu_insert_distance_ns": 34896698188,
        "gpu_insert_overflow_distance_ns": 7490453226,
        "gpu_insert_overflow_prune_ns": 271792918578,
        "gpu_insert_prune_ns": 26288319051,
        "gpu_insert_quantize_ns": 512447109,
        "gpu_query_distance_ns": 0,
        "gpu_query_prepare_ns": 0,
        "gpu_query_rerank_ns": 0
      },
      "rdma_ns": {
        "rdma_alloc_ns": 72823420,
        "rdma_candidate_fetch_ns": 923072894,
        "rdma_header_write_ns": 0,
        "rdma_medoid_ptr_ns": 62694951,
        "rdma_medoid_update_ns": 0,
        "rdma_neighbor_fetch_ns": 33416161489,
        "rdma_neighbor_list_read_ns": 2863789502,
        "rdma_neighbor_list_write_ns": 220042963,
        "rdma_neighbor_lock_ns": 3700697968,
        "rdma_neighbor_node_read_ns": 2934433074,
        "rdma_neighbor_unlock_ns": 2481674694,
        "rdma_new_node_write_ns": 54964283,
        "rdma_overflow_vec_fetch_ns": 10746431599,
        "rdma_pruned_neighbor_write_ns": 3870982051,
        "rdma_rabitq_fetch_ns": 0,
        "rdma_rerank_fetch_ns": 0,
        "rdma_vector_fetch_ns": 37481234323
      },
      "transfer_ns": {
        "transfer_candidate_h2d_ns": 2761158835,
        "transfer_distance_d2h_ns": 7658983471,
        "transfer_insert_query_h2d_ns": 10703067,
        "transfer_overflow_candidate_h2d_ns": 449611098,
        "transfer_overflow_dist_d2h_ns": 1205285830,
        "transfer_overflow_prune_d2h_ns": 1503255785,
        "transfer_overflow_prune_inputs_h2d_ns": 792783560,
        "transfer_overflow_query_h2d_ns": 530514450,
        "transfer_prune_d2h_ns": 30114093,
        "transfer_prune_h2d_ns": 19037461,
        "transfer_quantize_d2h_ns": 169480619,
        "transfer_query_h2d_ns": 0,
        "transfer_rabitq_h2d_ns": 0,
        "transfer_rerank_d2h_ns": 0,
        "transfer_rerank_h2d_ns": 0
      }
    }
  },
  "meta": {
    "client_threads": 16,
    "coroutines": 4,
    "dim": 1024,
    "measure_mixed": {
      "completed_reads": 9244,
      "completed_writes": 1647,
      "issued_reads": 9244,
      "issued_writes": 1647
    },
    "measure_ops": 1000,
    "measure_seconds": 60,
    "operation_granularity": "single_vector",
    "read_ratio": 0.5,
    "run_mode": "time",
    "search_mode": "rabitq_gpu",
    "synthetic_query_vectors": 65536,
    "threads": 4,
    "time_completion_policy": "drain",
    "time_issue_policy": "bounded_by_observed_call_latency",
    "warmup_mixed": {
      "completed_reads": 3896,
      "completed_writes": 827,
      "issued_reads": 3896,
      "issued_writes": 827
    },
    "warmup_ops": 100,
    "warmup_seconds": 30,
    "workload": "mixed"
  },
  "query_breakdown": {
    "breakdown": {
      "cpu_ns": 33240877607,
      "gpu_ns": 139922181305,
      "rdma_ns": 279098007827,
      "transfer_ns": 25086428127
    },
    "count": 9244,
    "counters": {
      "cache_hits": 362805,
      "cache_misses": 42545,
      "cas_failures": 0,
      "d2h_bytes": 609072096,
      "exact_reranks": 36825,
      "h2d_bytes": 91973734808,
      "l2_kernels": 0,
      "lock_attempts": 0,
      "lock_retries": 0,
      "neighbor_rdma_bytes": 2628934164,
      "overflow_prunes": 0,
      "prune_kernels": 0,
      "rabitq_kernels": 5052313,
      "rabitq_rdma_bytes": 77305333040,
      "rdma_read_bytes": 94586925404,
      "rdma_write_bytes": 0,
      "remote_allocations": 0,
      "vector_rdma_bytes": 14652363504,
      "visited_neighborlists": 5122570,
      "visited_nodes": 0
    },
    "latency": {
      "end_to_end_ns": 478074846094,
      "mean_end_to_end_ns": 51717313,
      "mean_queue_wait_ns": 78683,
      "mean_service_ns": 51638629,
      "p50_end_to_end_ns": 48495367,
      "p50_service_ns": 48424265,
      "p95_end_to_end_ns": 82093536,
      "p95_service_ns": 82026617,
      "p99_end_to_end_ns": 100230313,
      "p99_service_ns": 100144209,
      "queue_wait_ns": 727351228,
      "service_ns": 477347494866
    },
    "operation": "query",
    "sub_breakdown": {
      "cpu_ns": {
        "cpu_cache_lookup_ns": 1085266998,
        "cpu_insert_beam_update_ns": 0,
        "cpu_insert_candidate_collect_ns": 0,
        "cpu_insert_candidate_sort_ns": 0,
        "cpu_insert_filter_ns": 0,
        "cpu_insert_finalize_ns": 0,
        "cpu_insert_init_ns": 0,
        "cpu_insert_neighbor_collect_ns": 0,
        "cpu_insert_neighbor_prepare_ns": 0,
        "cpu_insert_overflow_prepare_ns": 0,
        "cpu_insert_preprune_sort_ns": 0,
        "cpu_insert_prune_prepare_ns": 0,
        "cpu_insert_pruned_neighbor_collect_ns": 0,
        "cpu_insert_quantize_prepare_ns": 0,
        "cpu_insert_select_ns": 0,
        "cpu_insert_stage_candidates_ns": 0,
        "cpu_query_beam_sort_ns": 37215447,
        "cpu_query_beam_update_ns": 924640083,