{
  "bottleneck_summary": {
    "insert": "insert breakdown\n  count: 1620\n  latency_ms: mean=591.5 p50=344.947 p95=477.326 p99=752.707\n  top_categories:\n    gpu_ns: 336426 ms (69.9563%)\n    rdma_ns: 104964 ms (21.8262%)\n    cpu_ns: 24548.2 ms (5.10456%)\n    transfer_ns: 14970.5 ms (3.11297%)\n",
    "query": "query breakdown\n  count: 10093\n  latency_ms: mean=94.8908 p50=50.6614 p95=93.6793 p99=235.738\n  top_categories:\n    rdma_ns: 283216 ms (59.0203%)\n    gpu_ns: 137768 ms (28.7099%)\n    cpu_ns: 33625.7 ms (7.00736%)\n    transfer_ns: 25252.4 ms (5.26243%)\n"
  },
  "insert_breakdown": {
    "breakdown": {
      "cpu_ns": 24548224589,
      "gpu_ns": 336425682199,
      "rdma_ns": 104963760285,
      "transfer_ns": 14970520507
    },
    "count": 1620,
    "counters": {
      "cache_hits": 6476,
      "cache_misses": 0,
      "cas_failures": 95651,
      "d2h_bytes": 340253544,
      "exact_reranks": 0,
      "h2d_bytes": 266887375944,
      "l2_kernels": 2519442,
      "lock_attempts": 183531,
      "lock_retries": 95651,
      "neighbor_rdma_bytes": 1844383770,
      "overflow_prunes": 332577,
      "prune_kernels": 339054,
      "rabitq_kernels": 0,
      "rabitq_rdma_bytes": 0,
      "rdma_read_bytes": 267241201210,
      "rdma_write_bytes": 214800197,
      "remote_allocations": 6477,
      "vector_rdma_bytes": 265396765664,
      "visited_neighborlists": 0,
      "visited_nodes": 0
    },
    "latency": {
      "end_to_end_ns": 958230145999,
      "mean_end_to_end_ns": 591500090,
      "mean_queue_wait_ns": 294643184,
      "mean_service_ns": 296856905,
      "p50_end_to_end_ns": 344947466,
      "p50_service_ns": 309347287,
      "p95_end_to_end_ns": 477325837,
      "p95_service_ns": 408941109,
      "p99_end_to_end_ns": 752707281,
      "p99_service_ns": 468922873,
      "queue_wait_ns": 477321958419,
      "service_ns": 480908187580
    },
    "operation": "insert",
    "sub_breakdown": {
      "cpu_ns": {
        "cpu_cache_lookup_ns": 1109429,
        "cpu_insert_beam_update_ns": 489488717,
        "cpu_insert_candidate_collect_ns": 4593623,
        "cpu_insert_candidate_sort_ns": 1059042427,
        "cpu_insert_filter_ns": 1523907365,
        "cpu_insert_finalize_ns": 203945056,
        "cpu_insert_init_ns": 14713901,
        "cpu_insert_neighbor_collect_ns": 35348177,
        "cpu_insert_neighbor_prepare_ns": 234219,
        "cpu_insert_overflow_prepare_ns": 132941762,
        "cpu_insert_preprune_sort_ns": 11181370,
        "cpu_insert_prune_prepare_ns": 18696037,
        "cpu_insert_pruned_neighbor_collect_ns": 39902191,
        "cpu_insert_quantize_prepare_ns": 90338,
        "cpu_insert_runtime_overhead_ns": 4045422630,
        "cpu_insert_select_ns": 355651306,
        "cpu_insert_stage_candidates_ns": 16611956041,
        "cpu_query_beam_sort_ns": 0,
        "cpu_query_beam_update_ns": 0,
        "cpu_query_filter_ns": 0,
        "cpu_query_finalize_ns": 0,
        "cpu_query_rerank_collect_ns": 0,
        "cpu_query_rerank_prepare_ns": 0,
        "cpu_query_rerank_update_ns": 0,
        "cpu_query_result_ids_ns": 0,
        "cpu_query_select_ns": 0,
        "cpu_query_stage_candidates_ns": 0
      },
      "gpu_ns": {
        "gpu_insert_distance_ns": 36243905739,
        "gpu_insert_overflow_distance_ns": 7445151279,
        "gpu_insert_overflow_prune_ns": 266854856858,
        "gpu_insert_prune_ns": 25374199418,
        "gpu_insert_quantize_ns": 507568905,
        "gpu_query_distance_ns": 0,
        "gpu_query_prepare_ns": 0,
        "gpu_query_rerank_ns": 0
      },
      "rdma_ns": {
        "rdma_alloc_ns": 72676929,
        "rdma_candidate_fetch_ns": 966009857,
        "rdma_header_write_ns": 0,
        "rdma_medoid_ptr_ns": 68412684,
        "rdma_medoid_update_ns": 0,
        "rdma_neighbor_fetch_ns": 36226161324,
        "rdma_neighbor_list_read_ns": 2906528375,
        "rdma_neighbor_list_write_ns": 169737078,
        "rdma_neighbor_lock_ns": 3756007134,
        "rdma_neighbor_node_read_ns": 2957141991,
        "rdma_neighbor_unlock_ns": 2497952942,
        "rdma_new_node_write_ns": 54724081,
        "rdma_overflow_vec_fetch_ns": 11110393999,
        "rdma_pruned_neighbor_write_ns": 3945791293,
        "rdma_rabitq_fetch_ns": 0,
        "rdma_rerank_fetch_ns": 0,
        "rdma_vector_fetch_ns": 40232222598
      },
      "transfer_ns": {
        "transfer_candidate_h2d_ns": 2736760357,
        "transfer_distance_d2h_ns": 7564024824,
        "transfer_insert_query_h2d_ns": 10473223,
        "transfer_overflow_candidate_h2d_ns": 446487935,
        "transfer_overflow_dist_d2h_ns": 1191945173,
        "transfer_overflow_prune_d2h_ns": 1487993141,
        "transfer_overflow_prune_inputs_h2d_ns": 787745579,
        "transfer_overflow_query_h2d_ns": 530310898,
        "transfer_prune_d2h_ns": 29660924,
        "transfer_prune_h2d_ns": 18702532,
        "transfer_quantize_d2h_ns": 166415921,
        "transfer_query_h2d_ns": 0,
        "transfer_rabitq_h2d_ns": 0,
        "transfer_rerank_d2h_ns": 0,
        "transfer_rerank_h2d_ns": 0
      }
    }
  },
  "meta": {
    "client_threads": 32,
    "coroutines": 4,
    "dim": 1024,
    "measure_mixed": {
      "completed_reads": 10093,
      "completed_writes": 1620,
      "issued_reads": 10093,
      "issued_writes": 1620
    },
    "measure_ops": 1000,
    "measure_seconds": 60,
    "operation_granularity": "single_vector",
    "read_ratio": 0.5,
    "run_mode": "time",
    "search_mode": "rabitq_gpu",
    "synthetic_query_vectors": 131072,
    "threads": 4,
    "time_completion_policy": "drain",
    "time_issue_policy": "bounded_by_observed_call_latency",
    "warmup_mixed": {
      "completed_reads": 4271,
      "completed_writes": 819,
      "issued_reads": 4271,
      "issued_writes": 819
    },
    "warmup_ops": 100,
    "warmup_seconds": 30,
    "workload": "mixed"
  },
  "query_breakdown": {
    "breakdown": {
      "cpu_ns": 33625680142,
      "gpu_ns": 137768182010,
      "rdma_ns": 283215992736,
      "transfer_ns": 25252420896
    },
    "count": 10093,
    "counters": {
      "cache_hits": 404572,
      "cache_misses": 39392,
      "cas_failures": 0,
      "d2h_bytes": 566484072,
      "exact_reranks": 40360,
      "h2d_bytes": 87663654104,
      "l2_kernels": 0,
      "lock_attempts": 0,
      "lock_retries": 0,
      "neighbor_rdma_bytes": 2665817838,
      "overflow_prunes": 0,
      "prune_kernels": 0,
      "rabitq_kernels": 5096611,
      "rabitq_rdma_bytes": 71628046360,
      "rdma_read_bytes": 90326364758,
      "rdma_write_bytes": 0,
      "remote_allocations": 0,
      "vector_rdma_bytes": 16032177664,
      "visited_neighborlists": 5196518,
      "visited_nodes": 0
    },
    "latency": {
      "end_to_end_ns": 957732540069,
      "mean_end_to_end_ns": 94890769,
      "mean_queue_wait_ns": 47346702,
      "mean_service_ns": 47544067,
      "p50_end_to_end_ns": 50661419,
      "p50_service_ns": 43454616,
      "p95_end_to_end_ns": 93679350,
      "p95_service_ns": 80188719,
      "p99_end_to_end_ns": 235737606,
      "p99_service_ns": 101522543,
      "queue_wait_ns": 477870264285,
      "service_ns": 479862275784
    },
    "operation": "query",
    "sub_breakdown": {
      "cpu_ns": {
        "cpu_cache_lookup_ns": 1008967749,
        "cpu_insert_beam_update_ns": 0,
        "cpu_insert_candidate_collect_ns": 0,
        "cpu_insert_candidate_sort_ns": 0,
        "cpu_insert_filter_ns": 0,
        "cpu_insert_finalize_ns": 0,
        "cpu_insert_init_ns": 0,
        "cpu_insert_neighbor_collect_ns": 0,
        "cpu_insert_neighbor_prepare_ns": 0,
        "cpu_insert_overflow_prepare_ns": 0,
        "cpu_insert_preprune_sort_ns": 0,
        "cpu_insert_prune_prepare_ns": 0,
        "cpu_insert_pruned_neighbor_collect_ns": 0,
        "cpu_insert_quantize_prepare_ns": 0,
        "cpu_insert_select_ns": 0,
        "cpu_insert_stage_candidates_ns": 0,
        "cpu_query_beam_sort_ns": 40497396,
        "cpu_query_beam_update_ns": 889045836,