{
  "bottleneck_summary": {
    "insert": "insert breakdown\n  count: 1629\n  latency_ms: mean=1182.28 p50=345.534 p95=493.428 p99=60193.8\n  top_categories:\n    gpu_ns: 339846 ms (70.1205%)\n    rdma_ns: 105251 ms (21.7165%)\n    cpu_ns: 24556.1 ms (5.06667%)\n    transfer_ns: 15006.9 ms (3.09638%)\n",
    "query": "query breakdown\n  count: 8935\n  latency_ms: mean=213.89 p50=57.907 p95=101.805 p99=293.919\n  top_categories:\n    rdma_ns: 285143 ms (59.318%)\n    gpu_ns: 137728 ms (28.6515%)\n    cpu_ns: 33570.9 ms (6.98371%)\n    transfer_ns: 24260.2 ms (5.04683%)\n"
  },
  "insert_breakdown": {
    "breakdown": {
      "cpu_ns": 24556131296,
      "gpu_ns": 339846058067,
      "rdma_ns": 105251135468,
      "transfer_ns": 15006938345
    },
    "count": 1629,
    "counters": {
      "cache_hits": 6507,
      "cache_misses": 0,
      "cas_failures": 95412,
      "d2h_bytes": 340794316,
      "exact_reranks": 0,
      "h2d_bytes": 266584693632,
      "l2_kernels": 2538200,
      "lock_attempts": 184580,
      "lock_retries": 95412,
      "neighbor_rdma_bytes": 1835980830,
      "overflow_prunes": 335968,
      "prune_kernels": 342482,
      "rabitq_kernels": 0,
      "rabitq_rdma_bytes": 0,
      "rdma_read_bytes": 266920767102,
      "rdma_write_bytes": 217695987,
      "remote_allocations": 6514,
      "vector_rdma_bytes": 265084734224,
      "visited_neighborlists": 0,
      "visited_nodes": 0
    },
    "latency": {
      "end_to_end_ns": 1925939038498,
      "mean_end_to_end_ns": 1182283019,
      "mean_queue_wait_ns": 884762906,
      "mean_service_ns": 297520112,
      "p50_end_to_end_ns": 345533819,
      "p50_service_ns": 310990254,
      "p95_end_to_end_ns": 493427744,
      "p95_service_ns": 405406013,
      "p99_end_to_end_ns": 60193822207,
      "p99_service_ns": 453040070,
      "queue_wait_ns": 1441278775322,
      "service_ns": 484660263176
    },
    "operation": "insert",
    "sub_breakdown": {
      "cpu_ns": {
        "cpu_cache_lookup_ns": 1130844,
        "cpu_insert_beam_update_ns": 492382766,
        "cpu_insert_candidate_collect_ns": 4301771,
        "cpu_insert_candidate_sort_ns": 1062922314,
        "cpu_insert_filter_ns": 1511048883,
        "cpu_insert_finalize_ns": 212059249,
        "cpu_insert_init_ns": 14608220,
        "cpu_insert_neighbor_collect_ns": 34529457,
        "cpu_insert_neighbor_prepare_ns": 218165,
        "cpu_insert_overflow_prepare_ns": 131387253,
        "cpu_insert_preprune_sort_ns": 11149419,
        "cpu_insert_prune_prepare_ns": 18876164,
        "cpu_insert_pruned_neighbor_collect_ns": 38472764,
        "cpu_insert_quantize_prepare_ns": 71452,
        "cpu_insert_runtime_overhead_ns": 4119029139,
        "cpu_insert_select_ns": 353417454,
        "cpu_insert_stage_candidates_ns": 16550525982,
        "cpu_query_beam_sort_ns": 0,
        "cpu_query_beam_update_ns": 0,
        "cpu_query_filter_ns": 0,
        "cpu_query_finalize_ns": 0,
        "cpu_query_rerank_collect_ns": 0,
        "cpu_query_rerank_prepare_ns": 0,
        "cpu_query_rerank_update_ns": 0,
        "cpu_query_result_ids_ns": 0,
        "cpu_query_select_ns": 0,
        "cpu_query_stage_candidates_ns": 0
      },
      "gpu_ns": {
        "gpu_insert_distance_ns": 36630197643,
        "gpu_insert_overflow_distance_ns": 7525791327,
        "gpu_insert_overflow_prune_ns": 269453915361,
        "gpu_insert_prune_ns": 25730166799,
        "gpu_insert_quantize_ns": 505986937,
        "gpu_query_distance_ns": 0,
        "gpu_query_prepare_ns": 0,
        "gpu_query_rerank_ns": 0
      },
      "rdma_ns": {
        "rdma_alloc_ns": 74523682,
        "rdma_candidate_fetch_ns": 956330057,
        "rdma_header_write_ns": 0,
        "rdma_medoid_ptr_ns": 75276235,
        "rdma_medoid_update_ns": 0,
        "rdma_neighbor_fetch_ns": 36284262461,
        "rdma_neighbor_list_read_ns": 2927870180,
        "rdma_neighbor_list_write_ns": 179665313,
        "rdma_neighbor_lock_ns": 3929591445,
        "rdma_neighbor_node_read_ns": 2998286151,
        "rdma_neighbor_unlock_ns": 2573255770,
        "rdma_new_node_write_ns": 58788977,
        "rdma_overflow_vec_fetch_ns": 11102803663,
        "rdma_pruned_neighbor_write_ns": 4014064749,
        "rdma_rabitq_fetch_ns": 0,
        "rdma_rerank_fetch_ns": 0,
        "rdma_vector_fetch_ns": 40076416785
      },
      "transfer_ns": {
        "transfer_candidate_h2d_ns": 2774927313,
        "transfer_distance_d2h_ns": 7530371484,
        "transfer_insert_query_h2d_ns": 10993820,
        "transfer_overflow_candidate_h2d_ns": 454879819,
        "transfer_overflow_dist_d2h_ns": 1189621560,
        "transfer_overflow_prune_d2h_ns": 1501048124,
        "transfer_overflow_prune_inputs_h2d_ns": 805510042,
        "transfer_overflow_query_h2d_ns": 523524629,
        "transfer_prune_d2h_ns": 30187595,
        "transfer_prune_h2d_ns": 18877075,
        "transfer_quantize_d2h_ns": 166996884,
        "transfer_query_h2d_ns": 0,
        "transfer_rabitq_h2d_ns": 0,
        "transfer_rerank_d2h_ns": 0,
        "transfer_rerank_h2d_ns": 0
      }
    }
  },
  "meta": {
    "client_threads": 64,
    "coroutines": 4,
    "dim": 1024,
    "measure_mixed": {
      "completed_reads": 8935,
      "completed_writes": 1629,
      "issued_reads": 8935,
      "issued_writes": 1629
    },
    "measure_ops": 1000,
    "measure_seconds": 60,
    "operation_granularity": "single_vector",
    "read_ratio": 0.5,
    "run_mode": "time",
    "search_mode": "rabitq_gpu",
    "synthetic_query_vectors": 262144,
    "threads": 4,
    "time_completion_policy": "drain",
    "time_issue_policy": "bounded_by_observed_call_latency",
    "warmup_mixed": {
      "completed_reads": 3818,
      "completed_writes": 843,
      "issued_reads": 3818,
      "issued_writes": 843
    },
    "warmup_ops": 100,
    "warmup_seconds": 30,
    "workload": "mixed"
  },
  "query_breakdown": {
    "breakdown": {
      "cpu_ns": 33570857916,
      "gpu_ns": 137728310432,
      "rdma_ns": 285142919030,
      "transfer_ns": 24260237555
    },
    "count": 8935,
    "counters": {
      "cache_hits": 351359,
      "cache_misses": 41651,
      "cas_failures": 0,
      "d2h_bytes": 600831428,
      "exact_reranks": 35728,
      "h2d_bytes": 90519620048,
      "l2_kernels": 0,
      "lock_attempts": 0,
      "lock_retries": 0,
      "neighbor_rdma_bytes": 2542164318,
      "overflow_prunes": 0,
      "prune_kernels": 0,
      "rabitq_kernels": 4893167,
      "rabitq_rdma_bytes": 76324424800,
      "rdma_read_bytes": 93086965110,
      "rdma_write_bytes": 0,
      "remote_allocations": 0,
      "vector_rdma_bytes": 14220090160,
      "visited_neighborlists": 4955483,
      "visited_nodes": 0
    },
    "latency": {
      "end_to_end_ns": 1911109910848,
      "mean_end_to_end_ns": 213890308,
      "mean_queue_wait_ns": 160090384,
      "mean_service_ns": 53799924,
      "p50_end_to_end_ns": 57907021,
      "p50_service_ns": 50265887,
      "p95_end_to_end_ns": 101805078,
      "p95_service_ns": 86736873,
      "p99_end_to_end_ns": 293919341,
      "p99_service_ns": 107421420,
      "queue_wait_ns": 1430407585915,
      "service_ns": 480702324933
    },
    "operation": "query",
    "sub_breakdown": {
      "cpu_ns": {
        "cpu_cache_lookup_ns": 1108857483,
        "cpu_insert_beam_update_ns": 0,
        "cpu_insert_candidate_collect_ns": 0,
        "cpu_insert_candidate_sort_ns": 0,
        "cpu_insert_filter_ns": 0,
        "cpu_insert_finalize_ns": 0,
        "cpu_insert_init_ns": 0,
        "cpu_insert_neighbor_collect_ns": 0,
        "cpu_insert_neighbor_prepare_ns": 0,
        "cpu_insert_overflow_prepare_ns": 0,
        "cpu_insert_preprune_sort_ns": 0,
        "cpu_insert_prune_prepare_ns": 0,
        "cpu_insert_pruned_neighbor_collect_ns": 0,
        "cpu_insert_quantize_prepare_ns": 0,
        "cpu_insert_select_ns": 0,
        "cpu_insert_stage_candidates_ns": 0,
        "cpu_query_beam_sort_ns": 35690033,
        "cpu_query_beam_update_ns": 890161707,