{
  "bottleneck_summary": {
    "insert": "insert breakdown\n  count: 1029\n  latency_ms: mean=232.706 p50=254.995 p95=306.116 p99=330.482\n  top_categories:\n    gpu_ns: 191814 ms (80.1066%)\n    rdma_ns: 26835.7 ms (11.2073%)\n    cpu_ns: 11440.5 ms (4.77787%)\n    transfer_ns: 9358.1 ms (3.9082%)\n",
    "query": "query breakdown\n  count: 9782\n  latency_ms: mean=24.5085 p50=23.1322 p95=39.8137 p99=49.8072\n  top_categories:\n    rdma_ns: 107359 ms (44.8035%)\n    gpu_ns: 81419.9 ms (33.9785%)\n    transfer_ns: 27557.8 ms (11.5006%)\n    cpu_ns: 23284.9 ms (9.71738%)\n"
  },
  "insert_breakdown": {
    "breakdown": {
      "cpu_ns": 11440499500,
      "gpu_ns": 191813574728,
      "rdma_ns": 26835705590,
      "transfer_ns": 9358095167
    },
    "count": 1029,
    "counters": {
      "cache_hits": 2292,
      "cache_misses": 0,
      "cas_failures": 72721,
      "d2h_bytes": 113189912,
      "exact_reranks": 0,
      "h2d_bytes": 88503845032,
      "l2_kernels": 777955,
      "lock_attempts": 128062,
      "lock_retries": 72721,
      "neighbor_rdma_bytes": 631124406,
      "overflow_prunes": 111786,
      "prune_kernels": 114009,
      "rabitq_kernels": 0,
      "rabitq_rdma_bytes": 0,
      "rdma_read_bytes": 88651908022,
      "rdma_write_bytes": 74676730,
      "remote_allocations": 2218,
      "vector_rdma_bytes": 88020765296,
      "visited_neighborlists": 0,
      "visited_nodes": 0
    },
    "latency": {
      "end_to_end_ns": 239454049169,
      "mean_end_to_end_ns": 232705587,
      "mean_queue_wait_ns": 6000,
      "mean_service_ns": 232699586,
      "p50_end_to_end_ns": 254995188,
      "p50_service_ns": 254991351,
      "p95_end_to_end_ns": 306116485,
      "p95_service_ns": 306110112,
      "p99_end_to_end_ns": 330482339,
      "p99_service_ns": 330474506,
      "queue_wait_ns": 6174184,
      "service_ns": 239447874985
    },
    "operation": "insert",
    "sub_breakdown": {
      "cpu_ns": {
        "cpu_cache_lookup_ns": 784665,
        "cpu_insert_beam_update_ns": 294595676,
        "cpu_insert_candidate_collect_ns": 7502325,
        "cpu_insert_candidate_sort_ns": 522035665,
        "cpu_insert_filter_ns": 819769669,
        "cpu_insert_finalize_ns": 112956247,
        "cpu_insert_init_ns": 8844291,
        "cpu_insert_neighbor_collect_ns": 19917038,
        "cpu_insert_neighbor_prepare_ns": 199165,
        "cpu_insert_overflow_prepare_ns": 76626739,
        "cpu_insert_preprune_sort_ns": 7158403,
        "cpu_insert_prune_prepare_ns": 13220980,
        "cpu_insert_pruned_neighbor_collect_ns": 21105864,
        "cpu_insert_quantize_prepare_ns": 45882,
        "cpu_insert_runtime_overhead_ns": 1752355698,
        "cpu_insert_select_ns": 224133511,
        "cpu_insert_stage_candidates_ns": 7559247682,
        "cpu_query_beam_sort_ns": 0,
        "cpu_query_beam_update_ns": 0,
        "cpu_query_filter_ns": 0,
        "cpu_query_finalize_ns": 0,
        "cpu_query_rerank_collect_ns": 0,
        "cpu_query_rerank_prepare_ns": 0,
        "cpu_query_rerank_update_ns": 0,
        "cpu_query_result_ids_ns": 0,
        "cpu_query_select_ns": 0,
        "cpu_query_stage_candidates_ns": 0
      },
      "gpu_ns": {
        "gpu_insert_distance_ns": 11916740913,
        "gpu_insert_overflow_distance_ns": 3464930911,
        "gpu_insert_overflow_prune_ns": 160194167577,
        "gpu_insert_prune_ns": 15948400275,
        "gpu_insert_quantize_ns": 289335052,
        "gpu_query_distance_ns": 0,
        "gpu_query_prepare_ns": 0,
        "gpu_query_rerank_ns": 0
      },
      "rdma_ns": {
        "rdma_alloc_ns": 17483530,
        "rdma_candidate_fetch_ns": 420235352,
        "rdma_header_write_ns": 0,
        "rdma_medoid_ptr_ns": 11038411,
        "rdma_medoid_update_ns": 0,
        "rdma_neighbor_fetch_ns": 6877568791,
        "rdma_neighbor_list_read_ns": 798285337,
        "rdma_neighbor_list_write_ns": 71204745,
        "rdma_neighbor_lock_ns": 1043517499,
        "rdma_neighbor_node_read_ns": 777668222,
        "rdma_neighbor_unlock_ns": 504730121,
        "rdma_new_node_write_ns": 15366199,
        "rdma_overflow_vec_fetch_ns": 4248116581,
        "rdma_pruned_neighbor_write_ns": 1031781782,
        "rdma_rabitq_fetch_ns": 0,
        "rdma_rerank_fetch_ns": 0,
        "rdma_vector_fetch_ns": 11018709020
      },
      "transfer_ns": {
        "transfer_candidate_h2d_ns": 1646926115,
        "transfer_distance_d2h_ns": 4629555135,
        "transfer_insert_query_h2d_ns": 7891155,
        "transfer_overflow_candidate_h2d_ns": 301007101,
        "transfer_overflow_dist_d2h_ns": 790718488,
        "transfer_overflow_prune_d2h_ns": 992742962,
        "transfer_overflow_prune_inputs_h2d_ns": 540926007,
        "transfer_overflow_query_h2d_ns": 306634594,
        "transfer_prune_d2h_ns": 21729866,
        "transfer_prune_h2d_ns": 13222209,
        "transfer_quantize_d2h_ns": 106741535,
        "transfer_query_h2d_ns": 0,
        "transfer_rabitq_h2d_ns": 0,
        "transfer_rerank_d2h_ns": 0,
        "transfer_rerank_h2d_ns": 0
      }
    }
  },
  "meta": {
    "client_threads": 8,
    "coroutines": 4,
    "dim": 1024,
    "measure_mixed": {
      "completed_reads": 9782,
      "completed_writes": 1029,
      "issued_reads": 9782,
      "issued_writes": 1029
    },
    "measure_ops": 1000,
    "measure_seconds": 60,
    "operation_granularity": "single_vector",
    "read_ratio": 0.5,
    "run_mode": "time",
    "search_mode": "rabitq_gpu",
    "synthetic_query_vectors": 32768,
    "threads": 4,
    "time_completion_policy": "drain",
    "time_issue_policy": "bounded_by_observed_call_latency",
    "warmup_mixed": {
      "completed_reads": 4005,
      "completed_writes": 650,
      "issued_reads": 4005,
      "issued_writes": 650
    },
    "warmup_ops": 100,
    "warmup_seconds": 30,
    "workload": "mixed"
  },
  "query_breakdown": {
    "breakdown": {
      "cpu_ns": 23284934552,
      "gpu_ns": 81419922676,
      "rdma_ns": 107358874165,
      "transfer_ns": 27557822210
    },
    "count": 9782,
    "counters": {
      "cache_hits": 201660,
      "cache_misses": 23602,
      "cas_failures": 0,
      "d2h_bytes": 327190016,
      "exact_reranks": 20487,
      "h2d_bytes": 49616009912,
      "l2_kernels": 0,
      "lock_attempts": 0,
      "lock_retries": 0,
      "neighbor_rdma_bytes": 1455846291,
      "overflow_prunes": 0,
      "prune_kernels": 0,
      "rabitq_kernels": 2704324,
      "rabitq_rdma_bytes": 41464365280,
      "rdma_read_bytes": 51082729355,
      "rdma_write_bytes": 0,
      "remote_allocations": 0,
      "vector_rdma_bytes": 8162354144,
      "visited_neighborlists": 2834521,
      "visited_nodes": 0
    },
    "latency": {
      "end_to_end_ns": 239742515469,
      "mean_end_to_end_ns": 24508537,
      "mean_queue_wait_ns": 12365,
      "mean_service_ns": 24496171,
      "p50_end_to_end_ns": 23132185,
      "p50_service_ns": 23121867,
      "p95_end_to_end_ns": 39813668,
      "p95_service_ns": 39810388,
      "p99_end_to_end_ns": 49807158,
      "p99_service_ns": 49776671,
      "queue_wait_ns": 120961866,
      "service_ns": 239621553603
    },
    "operation": "query",
    "sub_breakdown": {
      "cpu_ns": {
        "cpu_cache_lookup_ns": 405700533,
        "cpu_insert_beam_update_ns": 0,
        "cpu_insert_candidate_collect_ns": 0,
        "cpu_insert_candidate_sort_ns": 0,
        "cpu_insert_filter_ns": 0,
        "cpu_insert_finalize_ns": 0,
        "cpu_insert_init_ns": 0,
        "cpu_insert_neighbor_collect_ns": 0,
        "cpu_insert_neighbor_prepare_ns": 0,
        "cpu_insert_overflow_prepare_ns": 0,
        "cpu_insert_preprune_sort_ns": 0,
        "cpu_insert_prune_prepare_ns": 0,
        "cpu_insert_pruned_neighbor_collect_ns": 0,
        "cpu_insert_quantize_prepare_ns": 0,
        "cpu_insert_select_ns": 0,
        "cpu_insert_stage_candidates_ns": 0,
        "cpu_query_beam_sort_ns": 38965562,
        "cpu_query_beam_update_ns": 942844187,
        "cpu_query_filter_ns": 3670765962,