{
  "bottleneck_summary": {
    "insert": "insert breakdown\n  count: 317\n  latency_ms: mean=1493.58 p50=1430.83 p95=2390.7 p99=2796.41\n  top_categories:\n    gpu_ns: 450676 ms (95.1879%)\n    rdma_ns: 18244 ms (3.85334%)\n    transfer_ns: 3372.96 ms (0.712408%)\n    cpu_ns: 1166.21 ms (0.246318%)\n",
    "query": "query breakdown\n  count: 1472\n  latency_ms: mean=324.627 p50=308.236 p95=584.09 p99=728.269\n  top_categories:\n    gpu_ns: 452931 ms (94.7934%)\n    rdma_ns: 20578.8 ms (4.30691%)\n    transfer_ns: 2973.62 ms (0.622345%)\n    cpu_ns: 1325.15 ms (0.277339%)\n"
  },
  "insert_breakdown": {
    "breakdown": {
      "cpu_ns": 1166213224,
      "gpu_ns": 450675808847,
      "rdma_ns": 18243971397,
      "transfer_ns": 3372959510
    },
    "count": 317,
    "counters": {
      "cache_hits": 1256,
      "cache_misses": 0,
      "cas_failures": 42998,
      "d2h_bytes": 71825076,
      "exact_reranks": 0,
      "h2d_bytes": 8106582864,
      "l2_kernels": 577126,
      "lock_attempts": 56374,
      "lock_retries": 42998,
      "neighbor_rdma_bytes": 364738896,
      "overflow_prunes": 29902,
      "prune_kernels": 31180,
      "rabitq_kernels": 0,
      "rabitq_rdma_bytes": 0,
      "rdma_read_bytes": 67103098384,
      "rdma_write_bytes": 33951559,
      "remote_allocations": 1266,
      "vector_rdma_bytes": 66738349440,
      "visited_neighborlists": 0,
      "visited_nodes": 0
    },
    "latency": {
      "end_to_end_ns": 473464633962,
      "mean_end_to_end_ns": 1493579286,
      "mean_queue_wait_ns": 17921,
      "mean_service_ns": 1493561365,
      "p50_end_to_end_ns": 1430831838,
      "p50_service_ns": 1430812212,
      "p95_end_to_end_ns": 2390704336,
      "p95_service_ns": 2390681158,
      "p99_end_to_end_ns": 2796405135,
      "p99_service_ns": 2796398400,
      "queue_wait_ns": 5680984,
      "service_ns": 473458952978
    },
    "operation": "insert",
    "sub_breakdown": {
      "cpu_ns": {
        "cpu_cache_lookup_ns": 262880,
        "cpu_insert_beam_update_ns": 117807459,
        "cpu_insert_candidate_collect_ns": 1035159,
        "cpu_insert_candidate_sort_ns": 131484,
        "cpu_insert_filter_ns": 460863412,
        "cpu_insert_finalize_ns": 81032285,
        "cpu_insert_init_ns": 2809087,
        "cpu_insert_neighbor_collect_ns": 2955837,
        "cpu_insert_neighbor_prepare_ns": 176152,
        "cpu_insert_overflow_prepare_ns": 14575213,
        "cpu_insert_preprune_sort_ns": 2265976,
        "cpu_insert_prune_prepare_ns": 2438166,
        "cpu_insert_pruned_neighbor_collect_ns": 3679905,
        "cpu_insert_quantize_prepare_ns": 9015,
        "cpu_insert_runtime_overhead_ns": 219745318,
        "cpu_insert_select_ns": 87441005,
        "cpu_insert_stage_candidates_ns": 168984871,
        "cpu_query_beam_sort_ns": 0,
        "cpu_query_beam_update_ns": 0,
        "cpu_query_filter_ns": 0,
        "cpu_query_finalize_ns": 0,
        "cpu_query_rerank_collect_ns": 0,
        "cpu_query_rerank_prepare_ns": 0,
        "cpu_query_rerank_update_ns": 0,
        "cpu_query_result_ids_ns": 0,
        "cpu_query_select_ns": 0,
        "cpu_query_stage_candidates_ns": 0
      },
      "gpu_ns": {
        "gpu_insert_distance_ns": 332076138075,
        "gpu_insert_overflow_distance_ns": 35651208278,
        "gpu_insert_overflow_prune_ns": 74343698400,
        "gpu_insert_prune_ns": 7857918046,
        "gpu_insert_quantize_ns": 746846048,
        "gpu_query_distance_ns": 0,
        "gpu_query_prepare_ns": 0,
        "gpu_query_rerank_ns": 0
      },
      "rdma_ns": {
        "rdma_alloc_ns": 12717880,
        "rdma_candidate_fetch_ns": 73624692,
        "rdma_header_write_ns": 0,
        "rdma_medoid_ptr_ns": 9167891,
        "rdma_medoid_update_ns": 0,
        "rdma_neighbor_fetch_ns": 7386561900,
        "rdma_neighbor_list_read_ns": 392064560,
        "rdma_neighbor_list_write_ns": 179739371,
        "rdma_neighbor_lock_ns": 1479096505,
        "rdma_neighbor_node_read_ns": 370730653,
        "rdma_neighbor_unlock_ns": 369342326,
        "rdma_new_node_write_ns": 13328811,
        "rdma_overflow_vec_fetch_ns": 411065176,
        "rdma_pruned_neighbor_write_ns": 225865392,
        "rdma_rabitq_fetch_ns": 0,
        "rdma_rerank_fetch_ns": 0,
        "rdma_vector_fetch_ns": 7320666240
      },
      "transfer_ns": {
        "transfer_candidate_h2d_ns": 0,
        "transfer_distance_d2h_ns": 2787440148,
        "transfer_insert_query_h2d_ns": 2596510,
        "transfer_overflow_candidate_h2d_ns": 51675728,
        "transfer_overflow_dist_d2h_ns": 155185085,
        "transfer_overflow_prune_d2h_ns": 165619315,
        "transfer_overflow_prune_inputs_h2d_ns": 83395639,
        "transfer_overflow_query_h2d_ns": 54406098,
        "transfer_prune_d2h_ns": 7820144,
        "transfer_prune_h2d_ns": 2437502,
        "transfer_quantize_d2h_ns": 62383341,
        "transfer_query_h2d_ns": 0,
        "transfer_rabitq_h2d_ns": 0,
        "transfer_rerank_d2h_ns": 0,
        "transfer_rerank_h2d_ns": 0
      }
    }
  },
  "meta": {
    "client_threads": 16,
    "coroutines": 4,
    "dim": 1024,
    "measure_mixed": {
      "completed_reads": 1472,
      "completed_writes": 317,
      "issued_reads": 1472,
      "issued_writes": 317
    },
    "measure_ops": 1000,
    "measure_seconds": 60,
    "operation_granularity": "single_vector",
    "read_ratio": 0.5,
    "run_mode": "time",
    "search_mode": "rabitq_gpu",
    "synthetic_query_vectors": 65536,
    "threads": 4,
    "time_completion_policy": "drain",
    "time_issue_policy": "bounded_by_observed_call_latency",
    "warmup_mixed": {
      "completed_reads": 981,
      "completed_writes": 247,
      "issued_reads": 981,
      "issued_writes": 247
    },
    "warmup_ops": 100,
    "warmup_seconds": 30,
    "workload": "mixed"
  },
  "query_breakdown": {
    "breakdown": {
      "cpu_ns": 1325147470,
      "gpu_ns": 452930814868,
      "rdma_ns": 20578781160,
      "transfer_ns": 2973616649
    },
    "count": 1472,
    "counters": {
      "cache_hits": 56911,
      "cache_misses": 7708,
      "cas_failures": 0,
      "d2h_bytes": 96874940,
      "exact_reranks": 5858,
      "h2d_bytes": 24072192,
      "l2_kernels": 0,
      "lock_attempts": 0,
      "lock_retries": 0,
      "neighbor_rdma_bytes": 412793658,
      "overflow_prunes": 0,
      "prune_kernels": 0,
      "rabitq_kernels": 704637,
      "rabitq_rdma_bytes": 12253947680,
      "rdma_read_bytes": 15007849386,
      "rdma_write_bytes": 0,
      "remote_allocations": 0,
      "vector_rdma_bytes": 2341061088,
      "visited_neighborlists": 802163,
      "visited_nodes": 0
    },
    "latency": {
      "end_to_end_ns": 477850902067,
      "mean_end_to_end_ns": 324626971,
      "mean_queue_wait_ns": 28900,
      "mean_service_ns": 324598070,
      "p50_end_to_end_ns": 308235792,
      "p50_service_ns": 308189440,
      "p95_end_to_end_ns": 584089605,
      "p95_service_ns": 584058585,
      "p99_end_to_end_ns": 728268543,
      "p99_service_ns": 728225649,
      "queue_wait_ns": 42541920,
      "service_ns": 477808360147
    },
    "operation": "query",
    "sub_breakdown": {
      "cpu_ns": {
        "cpu_cache_lookup_ns": 95282898,
        "cpu_insert_beam_update_ns": 0,
        "cpu_insert_candidate_collect_ns": 0,
        "cpu_insert_candidate_sort_ns": 0,
        "cpu_insert_filter_ns": 0,
        "cpu_insert_finalize_ns": 0,
        "cpu_insert_init_ns": 0,
        "cpu_insert_neighbor_collect_ns": 0,
        "cpu_insert_neighbor_prepare_ns": 0,
        "cpu_insert_overflow_prepare_ns": 0,
        "cpu_insert_preprune_sort_ns": 0,
        "cpu_insert_prune_prepare_ns": 0,
        "cpu_insert_pruned_neighbor_collect_ns": 0,
        "cpu_insert_quantize_prepare_ns": 0,
        "cpu_insert_select_ns": 0,
        "cpu_insert_stage_candidates_ns": 0,
        "cpu_query_beam_sort_ns": 5924144,
        "cpu_query_beam_update_ns": 137975238,
        "cpu_query_filter_ns": 607073991,
        "cpu_query_finalize_ns": 100165595,