{
  "bottleneck_summary": {
    "insert": "insert breakdown\n  count: 16000\n  latency_ms: mean=2789.26 p50=606.066 p95=3387.89 p99=17897.7\n  top_phases:\n    neighbor_update_ns: 3.14297e+06 ms (69.4254%)\n    gpu_distance_ns: 355188 ms (7.84578%)\n    candidate_vector_fetch_ns: 291617 ms (6.44155%)\n",
    "query": "query breakdown\n  count: 2000\n  latency_ms: mean=17.1076 p50=15.4917 p95=27.4029 p99=37.6287\n  top_phases:\n    gpu_distance_ns: 12419.9 ms (36.3125%)\n    unattributed_ns: 9740.66 ms (28.4791%)\n    rabitq_fetch_ns: 9681.39 ms (28.3058%)\n"
  },
  "insert_breakdown": {
    "count": 16000,
    "counters": {
      "cache_hits": 0,
      "cache_misses": 0,
      "cas_failures": 519920,
      "d2h_bytes": 4269315580,
      "exact_reranks": 0,
      "h2d_bytes": 3456662138344,
      "l2_kernels": 32486983,
      "lock_attempts": 1472160,
      "lock_retries": 519920,
      "neighbor_rdma_bytes": 17744256522,
      "overflow_prunes": 3704621,
      "prune_kernels": 3768615,
      "rabitq_kernels": 0,
      "rabitq_rdma_bytes": 0,
      "rdma_read_bytes": 3457428746554,
      "rdma_write_bytes": 2298209105,
      "remote_allocations": 63994,
      "vector_rdma_bytes": 3439683978032,
      "visited_neighborlists": 0,
      "visited_nodes": 0
    },
    "latency": {
      "end_to_end_ns": 44628108836003,
      "mean_end_to_end_ns": 2789256802,
      "mean_queue_wait_ns": 2506311679,
      "mean_service_ns": 282945122,
      "p50_end_to_end_ns": 606065611,
      "p50_service_ns": 295190489,
      "p95_end_to_end_ns": 3387888525,
      "p95_service_ns": 345432599,
      "p99_end_to_end_ns": 17897674072,
      "p99_service_ns": 368827910,
      "queue_wait_ns": 40100986873686,
      "service_ns": 4527121962317
    },
    "operation": "insert",
    "phases": {
      "candidate_search_ns": 217332860452,
      "candidate_vector_fetch_ns": 291616944144,
      "gpu_distance_ns": 355187959677,
      "gpu_prune_ns": 275157044013,
      "medoid_fetch_ns": 463080836,
      "medoid_update_ns": 0,
      "neighbor_update_ns": 3142972502678,
      "new_node_write_ns": 336205330,
      "quantize_ns": 4519349473,
      "remote_alloc_ns": 451817401,
      "unattributed_ns": 239084198313
    }
  },
  "meta": {
    "batch_size": 8,
    "client_threads": 16,
    "coroutines": 4,
    "dim": 1024,
    "measure_ops": 4000,
    "read_ratio": 0.5,
    "search_mode": "rabitq_gpu",
    "threads": 4,
    "warmup_ops": 20,
    "workload": "mixed"
  },
  "query_breakdown": {
    "count": 2000,
    "counters": {
      "cache_hits": 9510,
      "cache_misses": 12844,
      "cas_failures": 0,
      "d2h_bytes": 40242668,
      "exact_reranks": 2032,
      "h2d_bytes": 5937328176,
      "l2_kernels": 0,
      "lock_attempts": 0,
      "lock_retries": 0,
      "neighbor_rdma_bytes": 140315760,
      "overflow_prunes": 0,
      "prune_kernels": 0,
      "rabitq_kernels": 273148,
      "rabitq_rdma_bytes": 5129938320,
      "rdma_read_bytes": 6122493008,
      "rdma_write_bytes": 0,
      "remote_allocations": 0,
      "vector_rdma_bytes": 852222656,
      "visited_neighborlists": 273511,
      "visited_nodes": 0
    },
    "latency": {
      "end_to_end_ns": 34215110613,
      "mean_end_to_end_ns": 17107555,
      "mean_queue_wait_ns": 6148,
      "mean_service_ns": 17101406,
      "p50_end_to_end_ns": 15491744,
      "p50_service_ns": 15486139,
      "p95_end_to_end_ns": 27402912,
      "p95_service_ns": 27399206,
      "p99_end_to_end_ns": 37628668,
      "p99_service_ns": 37619063,
      "queue_wait_ns": 12297715,
      "service_ns": 34202812898
    },
    "operation": "query",
    "phases": {
      "cpu_merge_sort_ns": 8300793,
      "gpu_distance_ns": 12419907180,
      "gpu_prepare_ns": 98426446,
      "gpu_rerank_ns": 113600433,
      "medoid_fetch_ns": 15938860,
      "neighbor_fetch_ns": 1777493771,
      "rabitq_fetch_ns": 9681391485,
      "result_materialize_ns": 140196493,
      "unattributed_ns": 9740660035,
      "vector_fetch_ns": 206897402
    }
  },
  "system_counters": {
    "d2h_bytes": 4309558248,
    "h2d_bytes": 3462599466520,
    "rdma_read_bytes": 3463551239562,
    "rdma_write_bytes": 2298209105
  }
}
