{
  "bottleneck_summary": {
    "insert": "insert breakdown\n  count: 896\n  latency_ms: mean=2936.11 p50=2957.54 p95=4131.81 p99=4729.14\n  top_phases:\n    neighbor_update_ns: 1.09882e+06 ms (41.7696%)\n    gpu_distance_ns: 1.03062e+06 ms (39.177%)\n    candidate_search_ns: 239837 ms (9.11695%)\n",
    "query": "query breakdown\n  count: 13\n  latency_ms: mean=118.237 p50=107.966 p95=164.62 p99=164.62\n  top_phases:\n    gpu_distance_ns: 1431.21 ms (93.1183%)\n    unattributed_ns: 39.0739 ms (2.54225%)\n    rabitq_fetch_ns: 36.1717 ms (2.35342%)\n"
  },
  "insert_breakdown": {
    "count": 896,
    "counters": {
      "cache_hits": 0,
      "cache_misses": 0,
      "cas_failures": 218519,
      "d2h_bytes": 530841516,
      "exact_reranks": 0,
      "h2d_bytes": 434590241240,
      "l2_kernels": 4012477,
      "lock_attempts": 265707,
      "lock_retries": 218519,
      "neighbor_rdma_bytes": 3136944213,
      "overflow_prunes": 453981,
      "prune_kernels": 462776,
      "rabitq_kernels": 0,
      "rabitq_rdma_bytes": 0,
      "rdma_read_bytes": 435757611477,
      "rdma_write_bytes": 306280264,
      "remote_allocations": 9955,
      "vector_rdma_bytes": 432620572368,
      "visited_neighborlists": 0,
      "visited_nodes": 0
    },
    "latency": {
      "end_to_end_ns": 2630753001434,
      "mean_end_to_end_ns": 2936108260,
      "mean_queue_wait_ns": 88535,
      "mean_service_ns": 2936019725,
      "p50_end_to_end_ns": 2957543796,
      "p50_service_ns": 2957484607,
      "p95_end_to_end_ns": 4131812855,
      "p95_service_ns": 4131720628,
      "p99_end_to_end_ns": 4729135829,
      "p99_service_ns": 4729067284,
      "queue_wait_ns": 79327623,
      "service_ns": 2630673673811
    },
    "operation": "insert",
    "phases": {
      "candidate_search_ns": 239837258943,
      "candidate_vector_fetch_ns": 209699064121,
      "gpu_distance_ns": 1030617730646,
      "gpu_prune_ns": 24784004531,
      "medoid_fetch_ns": 191513071,
      "medoid_update_ns": 0,
      "neighbor_update_ns": 1098821412152,
      "new_node_write_ns": 348805481,
      "quantize_ns": 4805165880,
      "remote_alloc_ns": 327201906,
      "unattributed_ns": 21241517080
    }
  },
  "meta": {
    "batch_size": 64,
    "client_threads": 1,
    "coroutines": 16,
    "dim": 1024,
    "measure_ops": 1000,
    "measure_seconds": 60,
    "read_ratio": 0.5,
    "run_mode": "time",
    "search_mode": "rabitq_gpu",
    "threads": 16,
    "warmup_ops": 100,
    "warmup_seconds": 30,
    "workload": "mixed"
  },
  "query_breakdown": {
    "count": 13,
    "counters": {
      "cache_hits": 72,
      "cache_misses": 71,
      "cas_failures": 0,
      "d2h_bytes": 228892,
      "exact_reranks": 13,
      "h2d_bytes": 34272056,
      "l2_kernels": 0,
      "lock_attempts": 0,
      "lock_retries": 0,
      "neighbor_rdma_bytes": 955206,
      "overflow_prunes": 0,
      "prune_kernels": 0,
      "rabitq_kernels": 1756,
      "rabitq_rdma_bytes": 29107000,
      "rdma_read_bytes": 35466070,
      "rdma_write_bytes": 0,
      "remote_allocations": 0,
      "vector_rdma_bytes": 5403760,
      "visited_neighborlists": 1862,
      "visited_nodes": 0
    },
    "latency": {
      "end_to_end_ns": 1537080105,
      "mean_end_to_end_ns": 118236931,
      "mean_queue_wait_ns": 7532,
      "mean_service_ns": 118229398,
      "p50_end_to_end_ns": 107966019,
      "p50_service_ns": 107959613,
      "p95_end_to_end_ns": 164619658,
      "p95_service_ns": 164611538,
      "p99_end_to_end_ns": 164619658,
      "p99_service_ns": 164611538,
      "queue_wait_ns": 97921,
      "service_ns": 1536982184
    },
    "operation": "query",
    "phases": {
      "cpu_merge_sort_ns": 56248,
      "gpu_distance_ns": 1431211534,
      "gpu_prepare_ns": 4409143,
      "gpu_rerank_ns": 9797276,
      "medoid_fetch_ns": 120573,
      "neighbor_fetch_ns": 14456885,
      "rabitq_fetch_ns": 36171680,
      "result_materialize_ns": 1036110,
      "unattributed_ns": 39073868,
      "vector_fetch_ns": 648867
    }
  },
  "system_counters": {
    "d2h_bytes": 531070408,
    "h2d_bytes": 434624513296,
    "rdma_read_bytes": 435793077547,
    "rdma_write_bytes": 306280264
  }
}
