{
  "bottleneck_summary": {
    "insert": "insert breakdown\n  count: 640\n  latency_ms: mean=2022.51 p50=1745.97 p95=4563.14 p99=4937.14\n  top_phases:\n    neighbor_update_ns: 189653 ms (59.7572%)\n    gpu_distance_ns: 91898.6 ms (28.9561%)\n    gpu_prune_ns: 11179.3 ms (3.52244%)\n",
    "query": "query breakdown\n  count: 10\n  latency_ms: mean=24.5666 p50=9.54289 p95=23.9788 p99=23.9788\n  top_phases:\n    gpu_distance_ns: 198.46 ms (80.8053%)\n    unattributed_ns: 21.3323 ms (8.68566%)\n    rabitq_fetch_ns: 15.7187 ms (6.40005%)\n"
  },
  "insert_breakdown": {
    "count": 640,
    "counters": {
      "cache_hits": 0,
      "cache_misses": 0,
      "cas_failures": 122057,
      "d2h_bytes": 129834660,
      "exact_reranks": 0,
      "h2d_bytes": 104853894992,
      "l2_kernels": 890914,
      "lock_attempts": 155597,
      "lock_retries": 122057,
      "neighbor_rdma_bytes": 740089197,
      "overflow_prunes": 115712,
      "prune_kernels": 118233,
      "rabitq_kernels": 0,
      "rabitq_rdma_bytes": 0,
      "rdma_read_bytes": 105106653117,
      "rdma_write_bytes": 80205809,
      "remote_allocations": 2526,
      "vector_rdma_bytes": 104366543440,
      "visited_neighborlists": 0,
      "visited_nodes": 0
    },
    "latency": {
      "end_to_end_ns": 1294407631908,
      "mean_end_to_end_ns": 2022511924,
      "mean_queue_wait_ns": 1526617205,
      "mean_service_ns": 495894718,
      "p50_end_to_end_ns": 1745969428,
      "p50_service_ns": 372679016,
      "p95_end_to_end_ns": 4563141527,
      "p95_service_ns": 1161891429,
      "p99_end_to_end_ns": 4937139498,
      "p99_service_ns": 1856948658,
      "queue_wait_ns": 977035011790,
      "service_ns": 317372620118
    },
    "operation": "insert",
    "phases": {
      "candidate_search_ns": 8348706499,
      "candidate_vector_fetch_ns": 8540950089,
      "gpu_distance_ns": 91898615731,
      "gpu_prune_ns": 11179272066,
      "medoid_fetch_ns": 14320701,
      "medoid_update_ns": 0,
      "neighbor_update_ns": 189652914915,
      "new_node_write_ns": 11955689,
      "quantize_ns": 494346046,
      "remote_alloc_ns": 19052061,
      "unattributed_ns": 7212486321
    }
  },
  "meta": {
    "batch_size": 64,
    "client_threads": 1,
    "coroutines": 4,
    "dim": 1024,
    "measure_ops": 20,
    "read_ratio": 0.5,
    "search_mode": "rabitq_gpu",
    "threads": 4,
    "warmup_ops": 20,
    "workload": "mixed"
  },
  "query_breakdown": {
    "count": 10,
    "counters": {
      "cache_hits": 64,
      "cache_misses": 46,
      "cas_failures": 0,
      "d2h_bytes": 138968,
      "exact_reranks": 10,
      "h2d_bytes": 21539760,
      "l2_kernels": 0,
      "lock_attempts": 0,
      "lock_retries": 0,
      "neighbor_rdma_bytes": 654588,
      "overflow_prunes": 0,
      "prune_kernels": 0,
      "rabitq_kernels": 1161,
      "rabitq_rdma_bytes": 17566640,
      "rdma_read_bytes": 22342620,
      "rdma_write_bytes": 0,
      "remote_allocations": 0,
      "vector_rdma_bytes": 4121312,
      "visited_neighborlists": 1276,
      "visited_nodes": 0
    },
    "latency": {
      "end_to_end_ns": 245666283,
      "mean_end_to_end_ns": 24566628,
      "mean_queue_wait_ns": 6311,
      "mean_service_ns": 24560317,
      "p50_end_to_end_ns": 9542895,
      "p50_service_ns": 9537464,
      "p95_end_to_end_ns": 23978811,
      "p95_service_ns": 23964032,
      "p99_end_to_end_ns": 23978811,
      "p99_service_ns": 23964032,
      "queue_wait_ns": 63110,
      "service_ns": 245603173
    },
    "operation": "query",
    "phases": {
      "cpu_merge_sort_ns": 45981,
      "gpu_distance_ns": 198460448,
      "gpu_prepare_ns": 3280533,
      "gpu_rerank_ns": 673270,
      "medoid_fetch_ns": 89662,
      "neighbor_fetch_ns": 5332893,
      "rabitq_fetch_ns": 15718729,
      "result_materialize_ns": 280486,
      "unattributed_ns": 21332263,
      "vector_fetch_ns": 388908
    }
  },
  "system_counters": {
    "d2h_bytes": 129973628,
    "h2d_bytes": 104875434752,
    "rdma_read_bytes": 105128995737,
    "rdma_write_bytes": 80205809
  }
}
