{
  "bottleneck_summary": {
    "insert": "insert breakdown\n  count: 6400\n  latency_ms: mean=23703.9 p50=2621.16 p95=200121 p99=209148\n  top_phases:\n    neighbor_update_ns: 1.2232e+06 ms (72.3759%)\n    gpu_distance_ns: 118903 ms (7.03541%)\n    gpu_prune_ns: 107279 ms (6.34765%)\n",
    "query": "query breakdown\n  count: 100\n  latency_ms: mean=20.5236 p50=15.2986 p95=61.541 p99=84.0031\n  top_phases:\n    gpu_distance_ns: 762.039 ms (37.1492%)\n    rabitq_fetch_ns: 513.178 ms (25.0173%)\n    unattributed_ns: 497.96 ms (24.2754%)\n"
  },
  "insert_breakdown": {
    "count": 6400,
    "counters": {
      "cache_hits": 0,
      "cache_misses": 0,
      "cas_failures": 335885,
      "d2h_bytes": 1487208596,
      "exact_reranks": 0,
      "h2d_bytes": 1170198393608,
      "l2_kernels": 12187164,
      "lock_attempts": 707422,
      "lock_retries": 335885,
      "neighbor_rdma_bytes": 7190964675,
      "overflow_prunes": 1430849,
      "prune_kernels": 1456445,
      "rabitq_kernels": 0,
      "rabitq_rdma_bytes": 0,
      "rdma_read_bytes": 1170887968739,
      "rdma_write_bytes": 899812559,
      "remote_allocations": 25595,
      "vector_rdma_bytes": 1163696799264,
      "visited_neighborlists": 0,
      "visited_nodes": 0
    },
    "latency": {
      "end_to_end_ns": 151705205281511,
      "mean_end_to_end_ns": 23703938325,
      "mean_queue_wait_ns": 23439866033,
      "mean_service_ns": 264072291,
      "p50_end_to_end_ns": 2621159160,
      "p50_service_ns": 279919065,
      "p95_end_to_end_ns": 200120951452,
      "p95_service_ns": 327843059,
      "p99_end_to_end_ns": 209147718718,
      "p99_service_ns": 356923459,
      "queue_wait_ns": 150015142617467,
      "service_ns": 1690062664044
    },
    "operation": "insert",
    "phases": {
      "candidate_search_ns": 68694176010,
      "candidate_vector_fetch_ns": 84592031436,
      "gpu_distance_ns": 118902754848,
      "gpu_prune_ns": 107279270291,
      "medoid_fetch_ns": 132385063,
      "medoid_update_ns": 0,
      "neighbor_update_ns": 1223198439426,
      "new_node_write_ns": 124135568,
      "quantize_ns": 2228767324,
      "remote_alloc_ns": 174117093,
      "unattributed_ns": 84736586985
    }
  },
  "meta": {
    "batch_size": 64,
    "client_threads": 16,
    "coroutines": 4,
    "dim": 1024,
    "measure_ops": 200,
    "read_ratio": 0.5,
    "search_mode": "rabitq_gpu",
    "threads": 4,
    "warmup_ops": 20,
    "workload": "mixed"
  },
  "query_breakdown": {
    "count": 100,
    "counters": {
      "cache_hits": 424,
      "cache_misses": 918,
      "cas_failures": 0,
      "d2h_bytes": 2257404,
      "exact_reranks": 122,
      "h2d_bytes": 335692504,
      "l2_kernels": 0,
      "lock_attempts": 0,
      "lock_retries": 0,
      "neighbor_rdma_bytes": 9183213,
      "overflow_prunes": 0,
      "prune_kernels": 0,
      "rabitq_kernels": 17025,
      "rabitq_rdma_bytes": 287249560,
      "rdma_read_bytes": 348180917,
      "rdma_write_bytes": 0,
      "remote_allocations": 0,
      "vector_rdma_bytes": 51747168,
      "visited_neighborlists": 17899,
      "visited_nodes": 0
    },
    "latency": {
      "end_to_end_ns": 2052360511,
      "mean_end_to_end_ns": 20523605,
      "mean_queue_wait_ns": 10691,
      "mean_service_ns": 20512913,
      "p50_end_to_end_ns": 15298595,
      "p50_service_ns": 15293280,
      "p95_end_to_end_ns": 61541028,
      "p95_service_ns": 61503096,
      "p99_end_to_end_ns": 84003069,
      "p99_service_ns": 83889633,
      "queue_wait_ns": 1069197,
      "service_ns": 2051291314
    },
    "operation": "query",
    "phases": {
      "cpu_merge_sort_ns": 440049,
      "gpu_distance_ns": 762038663,
      "gpu_prepare_ns": 6781454,
      "gpu_rerank_ns": 6147599,
      "medoid_fetch_ns": 1944772,
      "neighbor_fetch_ns": 245622183,
      "rabitq_fetch_ns": 513178071,
      "result_materialize_ns": 8609222,
      "unattributed_ns": 497959826,
      "vector_fetch_ns": 8569475
    }
  },
  "system_counters": {
    "d2h_bytes": 1489466000,
    "h2d_bytes": 1170534086112,
    "rdma_read_bytes": 1171236149656,
    "rdma_write_bytes": 899812559
  }
}
