{
  "bottleneck_summary": {
    "insert": "insert breakdown\n  count: 1280\n  latency_ms: mean=8581.81 p50=2044.29 p95=35519.5 p99=36962.8\n  top_phases:\n    neighbor_update_ns: 222365 ms (74.4339%)\n    gpu_prune_ns: 19998.4 ms (6.69419%)\n    gpu_distance_ns: 17054.2 ms (5.70868%)\n",
    "query": "query breakdown\n  count: 20\n  latency_ms: mean=19.8043 p50=16.3228 p95=42.829 p99=42.829\n  top_phases:\n    gpu_distance_ns: 137.27 ms (34.6763%)\n    rabitq_fetch_ns: 105.562 ms (26.6663%)\n    unattributed_ns: 99.2901 ms (25.0821%)\n"
  },
  "insert_breakdown": {
    "count": 1280,
    "counters": {
      "cache_hits": 0,
      "cache_misses": 0,
      "cas_failures": 111692,
      "d2h_bytes": 267341800,
      "exact_reranks": 0,
      "h2d_bytes": 210124597320,
      "l2_kernels": 1843993,
      "lock_attempts": 180878,
      "lock_retries": 111692,
      "neighbor_rdma_bytes": 1464394410,
      "overflow_prunes": 259785,
      "prune_kernels": 264905,
      "rabitq_kernels": 0,
      "rabitq_rdma_bytes": 0,
      "rdma_read_bytes": 210432874762,
      "rdma_write_bytes": 169182364,
      "remote_allocations": 5118,
      "vector_rdma_bytes": 208968439392,
      "visited_neighborlists": 0,
      "visited_nodes": 0
    },
    "latency": {
      "end_to_end_ns": 10984720040436,
      "mean_end_to_end_ns": 8581812531,
      "mean_queue_wait_ns": 8348420371,
      "mean_service_ns": 233392160,
      "p50_end_to_end_ns": 2044285575,
      "p50_service_ns": 257071059,
      "p95_end_to_end_ns": 35519536556,
      "p95_service_ns": 307884762,
      "p99_end_to_end_ns": 36962779888,
      "p99_service_ns": 327490343,
      "queue_wait_ns": 10685978075085,
      "service_ns": 298741965351
    },
    "operation": "insert",
    "phases": {
      "candidate_search_ns": 12541128632,
      "candidate_vector_fetch_ns": 12846494505,
      "gpu_distance_ns": 17054233556,
      "gpu_prune_ns": 19998351965,
      "medoid_fetch_ns": 24707262,
      "medoid_update_ns": 0,
      "neighbor_update_ns": 222365364508,
      "new_node_write_ns": 27769758,
      "quantize_ns": 365296611,
      "remote_alloc_ns": 37337737,
      "unattributed_ns": 13481280817
    }
  },
  "meta": {
    "batch_size": 64,
    "client_threads": 8,
    "coroutines": 4,
    "dim": 1024,
    "measure_ops": 40,
    "read_ratio": 0.5,
    "search_mode": "rabitq_gpu",
    "threads": 4,
    "warmup_ops": 20,
    "workload": "mixed"
  },
  "query_breakdown": {
    "count": 20,
    "counters": {
      "cache_hits": 88,
      "cache_misses": 176,
      "cas_failures": 0,
      "d2h_bytes": 392316,
      "exact_reranks": 24,
      "h2d_bytes": 59275568,
      "l2_kernels": 0,
      "lock_attempts": 0,
      "lock_retries": 0,
      "neighbor_rdma_bytes": 1928880,
      "overflow_prunes": 0,
      "prune_kernels": 0,
      "rabitq_kernels": 3339,
      "rabitq_rdma_bytes": 49710440,
      "rdma_read_bytes": 61800408,
      "rdma_write_bytes": 0,
      "remote_allocations": 0,
      "vector_rdma_bytes": 10160896,
      "visited_neighborlists": 3757,
      "visited_nodes": 0
    },
    "latency": {
      "end_to_end_ns": 396085499,
      "mean_end_to_end_ns": 19804274,
      "mean_queue_wait_ns": 11244,
      "mean_service_ns": 19793030,
      "p50_end_to_end_ns": 16322758,
      "p50_service_ns": 16311319,
      "p95_end_to_end_ns": 42828995,
      "p95_service_ns": 42822932,
      "p99_end_to_end_ns": 42828995,
      "p99_service_ns": 42822932,
      "queue_wait_ns": 224894,
      "service_ns": 395860605
    },
    "operation": "query",
    "phases": {
      "cpu_merge_sort_ns": 85301,
      "gpu_distance_ns": 137269981,
      "gpu_prepare_ns": 1308715,
      "gpu_rerank_ns": 1116241,
      "medoid_fetch_ns": 386997,
      "neighbor_fetch_ns": 47050011,
      "rabitq_fetch_ns": 105561564,
      "result_materialize_ns": 1400023,
      "unattributed_ns": 99290069,
      "vector_fetch_ns": 2391703
    }
  },
  "system_counters": {
    "d2h_bytes": 267734116,
    "h2d_bytes": 210183872888,
    "rdma_read_bytes": 210494675170,
    "rdma_write_bytes": 169182364
  }
}
