{
  "bottleneck_summary": {
    "insert": "insert breakdown\n  count: 346\n  latency_ms: mean=163.596 p50=190.252 p95=214.179 p99=222.652\n  top_categories:\n    gpu_ns: 50478.3 ms (89.1793%)\n    rdma_ns: 2969.23 ms (5.24571%)\n    cpu_ns: 1671.33 ms (2.95272%)\n    transfer_ns: 1484.27 ms (2.62225%)\n",
    "query": "query breakdown\n  count: 346\n  latency_ms: mean=9.80485 p50=9.59815 p95=15.4064 p99=17.6685\n  top_categories:\n    gpu_ns: 1699.59 ms (50.1174%)\n    rdma_ns: 944.5 ms (27.8513%)\n    transfer_ns: 414.36 ms (12.2186%)\n    cpu_ns: 332.772 ms (9.81272%)\n"
  },
  "insert_breakdown": {
    "breakdown": {
      "cpu_ns": 1671332725,
      "gpu_ns": 50478256787,
      "rdma_ns": 2969232268,
      "transfer_ns": 1484273807
    },
    "count": 346,
    "counters": {
      "cache_hits": 346,
      "cache_misses": 0,
      "cas_failures": 0,
      "d2h_bytes": 17494412,
      "exact_reranks": 0,
      "h2d_bytes": 14358027320,
      "l2_kernels": 119533,
      "lock_attempts": 18151,
      "lock_retries": 0,
      "neighbor_rdma_bytes": 98347743,
      "overflow_prunes": 14711,
      "prune_kernels": 15057,
      "rabitq_kernels": 0,
      "rabitq_rdma_bytes": 0,
      "rdma_read_bytes": 14400881695,
      "rdma_write_bytes": 11163891,
      "remote_allocations": 346,
      "vector_rdma_bytes": 14302531184,
      "visited_neighborlists": 0,
      "visited_nodes": 0
    },
    "latency": {
      "end_to_end_ns": 56604372025,
      "mean_end_to_end_ns": 163596450,
      "mean_queue_wait_ns": 3689,
      "mean_service_ns": 163592761,
      "p50_end_to_end_ns": 190252303,
      "p50_service_ns": 190249122,
      "p95_end_to_end_ns": 214178917,
      "p95_service_ns": 214175438,
      "p99_end_to_end_ns": 222652151,
      "p99_service_ns": 222647418,
      "queue_wait_ns": 1276438,
      "service_ns": 56603095587
    },
    "operation": "insert",
    "sub_breakdown": {
      "cpu_ns": {
        "cpu_cache_lookup_ns": 267098,
        "cpu_insert_beam_update_ns": 97347077,
        "cpu_insert_candidate_collect_ns": 693368,
        "cpu_insert_candidate_sort_ns": 58971375,
        "cpu_insert_filter_ns": 252752153,
        "cpu_insert_finalize_ns": 38424869,
        "cpu_insert_init_ns": 3100094,
        "cpu_insert_neighbor_collect_ns": 4322563,
        "cpu_insert_neighbor_prepare_ns": 102235,
        "cpu_insert_overflow_prepare_ns": 19187539,
        "cpu_insert_preprune_sort_ns": 2282824,
        "cpu_insert_prune_prepare_ns": 2123203,
        "cpu_insert_pruned_neighbor_collect_ns": 5585728,
        "cpu_insert_quantize_prepare_ns": 13635,
        "cpu_insert_runtime_overhead_ns": 123418908,
        "cpu_insert_select_ns": 77624690,
        "cpu_insert_stage_candidates_ns": 985115366,
        "cpu_query_beam_sort_ns": 0,
        "cpu_query_beam_update_ns": 0,
        "cpu_query_filter_ns": 0,
        "cpu_query_finalize_ns": 0,
        "cpu_query_rerank_collect_ns": 0,
        "cpu_query_rerank_prepare_ns": 0,
        "cpu_query_rerank_update_ns": 0,
        "cpu_query_result_ids_ns": 0,
        "cpu_query_select_ns": 0,
        "cpu_query_stage_candidates_ns": 0
      },
      "gpu_ns": {
        "gpu_insert_distance_ns": 2804276960,
        "gpu_insert_overflow_distance_ns": 784044125,
        "gpu_insert_overflow_prune_ns": 41710865044,
        "gpu_insert_prune_ns": 5094248221,
        "gpu_insert_quantize_ns": 84822437,
        "gpu_query_distance_ns": 0,
        "gpu_query_prepare_ns": 0,
        "gpu_query_rerank_ns": 0
      },
      "rdma_ns": {
        "rdma_alloc_ns": 1841597,
        "rdma_candidate_fetch_ns": 48600868,
        "rdma_header_write_ns": 0,
        "rdma_medoid_ptr_ns": 1587061,
        "rdma_medoid_update_ns": 0,
        "rdma_neighbor_fetch_ns": 703998870,
        "rdma_neighbor_list_read_ns": 68110378,
        "rdma_neighbor_list_write_ns": 16221842,
        "rdma_neighbor_lock_ns": 52246884,
        "rdma_neighbor_node_read_ns": 71351088,
        "rdma_neighbor_unlock_ns": 34427252,
        "rdma_new_node_write_ns": 2203513,
        "rdma_overflow_vec_fetch_ns": 384316299,
        "rdma_pruned_neighbor_write_ns": 66359785,
        "rdma_rabitq_fetch_ns": 0,
        "rdma_rerank_fetch_ns": 0,
        "rdma_vector_fetch_ns": 1517966831
      },
      "transfer_ns": {
        "transfer_candidate_h2d_ns": 212950690,
        "transfer_distance_d2h_ns": 838042531,
        "transfer_insert_query_h2d_ns": 2019114,
        "transfer_overflow_candidate_h2d_ns": 31763989,
        "transfer_overflow_dist_d2h_ns": 118460912,
        "transfer_overflow_prune_d2h_ns": 144817802,
        "transfer_overflow_prune_inputs_h2d_ns": 61001049,
        "transfer_overflow_query_h2d_ns": 36485100,
        "transfer_prune_d2h_ns": 3926549,
        "transfer_prune_h2d_ns": 2124734,
        "transfer_quantize_d2h_ns": 32681337,
        "transfer_query_h2d_ns": 0,
        "transfer_rabitq_h2d_ns": 0,
        "transfer_rerank_d2h_ns": 0,
        "transfer_rerank_h2d_ns": 0
      }
    }
  },
  "meta": {
    "client_threads": 1,
    "coroutines": 4,
    "dim": 1024,
    "measure_mixed": {
      "completed_reads": 346,
      "completed_writes": 346,
      "issued_reads": 346,
      "issued_writes": 346
    },
    "measure_ops": 1000,
    "measure_seconds": 60,
    "operation_granularity": "single_vector",
    "read_ratio": 0.5,
    "run_mode": "time",
    "search_mode": "rabitq_gpu",
    "synthetic_query_vectors": 4096,
    "threads": 4,
    "time_completion_policy": "drain",
    "time_issue_policy": "bounded_by_observed_call_latency",
    "warmup_mixed": {
      "completed_reads": 397,
      "completed_writes": 396,
      "issued_reads": 397,
      "issued_writes": 396
    },
    "warmup_ops": 100,
    "warmup_seconds": 30,
    "workload": "mixed"
  },
  "query_breakdown": {
    "breakdown": {
      "cpu_ns": 332771526,
      "gpu_ns": 1699594116,
      "rdma_ns": 944499918,
      "transfer_ns": 414359863
    },
    "count": 346,
    "counters": {
      "cache_hits": 3563,
      "cache_misses": 243,
      "cas_failures": 0,
      "d2h_bytes": 5447932,
      "exact_reranks": 346,
      "h2d_bytes": 828428792,
      "l2_kernels": 0,
      "lock_attempts": 0,
      "lock_retries": 0,
      "neighbor_rdma_bytes": 24548076,
      "overflow_prunes": 0,
      "prune_kernels": 0,
      "rabitq_kernels": 41444,
      "rabitq_rdma_bytes": 690958840,
      "rdma_read_bytes": 852561636,
      "rdma_write_bytes": 0,
      "remote_allocations": 0,
      "vector_rdma_bytes": 137051952,
      "visited_neighborlists": 47852,
      "visited_nodes": 0
    },
    "latency": {
      "end_to_end_ns": 3392479852,
      "mean_end_to_end_ns": 9804855,
      "mean_queue_wait_ns": 3625,
      "mean_service_ns": 9801229,
      "p50_end_to_end_ns": 9598150,
      "p50_service_ns": 9594495,
      "p95_end_to_end_ns": 15406396,
      "p95_service_ns": 15402800,
      "p99_end_to_end_ns": 17668534,
      "p99_service_ns": 17665405,
      "queue_wait_ns": 1254429,
      "service_ns": 3391225423
    },
    "operation": "query",
    "sub_breakdown": {
      "cpu_ns": {
        "cpu_cache_lookup_ns": 4575887,
        "cpu_insert_beam_update_ns": 0,
        "cpu_insert_candidate_collect_ns": 0,
        "cpu_insert_candidate_sort_ns": 0,
        "cpu_insert_filter_ns": 0,
        "cpu_insert_finalize_ns": 0,
        "cpu_insert_init_ns": 0,
        "cpu_insert_neighbor_collect_ns": 0,
        "cpu_insert_neighbor_prepare_ns": 0,
        "cpu_insert_overflow_prepare_ns": 0,
        "cpu_insert_preprune_sort_ns": 0,
        "cpu_insert_prune_prepare_ns": 0,
        "cpu_insert_pruned_neighbor_collect_ns": 0,
        "cpu_insert_quantize_prepare_ns": 0,
        "cpu_insert_select_ns": 0,
        "cpu_insert_stage_candidates_ns": 0,
        "cpu_query_beam_sort_ns": 1349060,
        "cpu_query_beam_update_ns": 31517227,
        "cpu_query_filter_ns": 115891820,
        "cpu_query_finalize_ns": 5752282,
        "cpu_query_rerank_collect_ns": 138427,