{
  "bottleneck_summary": {
    "insert": "insert breakdown\n  count: 339\n  latency_ms: mean=176.877 p50=203.901 p95=228.636 p99=239.795\n  top_categories:\n    gpu_ns: 52292.1 ms (87.2117%)\n    rdma_ns: 3550.11 ms (5.92081%)\n    cpu_ns: 2083.67 ms (3.4751%)\n    transfer_ns: 2034.05 ms (3.39236%)\n",
    "query": "query breakdown\n  count: 5757\n  latency_ms: mean=10.4033 p50=10.01 p95=16.7454 p99=20.588\n  top_categories:\n    gpu_ns: 29022.4 ms (48.4756%)\n    rdma_ns: 15811.7 ms (26.41%)\n    transfer_ns: 9314.97 ms (15.5587%)\n    cpu_ns: 5721.02 ms (9.55573%)\n"
  },
  "insert_breakdown": {
    "breakdown": {
      "cpu_ns": 2083666732,
      "gpu_ns": 52292109151,
      "rdma_ns": 3550114950,
      "transfer_ns": 2034054254
    },
    "count": 339,
    "counters": {
      "cache_hits": 339,
      "cache_misses": 0,
      "cas_failures": 0,
      "d2h_bytes": 17035272,
      "exact_reranks": 0,
      "h2d_bytes": 13892676912,
      "l2_kernels": 116553,
      "lock_attempts": 17848,
      "lock_retries": 0,
      "neighbor_rdma_bytes": 96458364,
      "overflow_prunes": 14670,
      "prune_kernels": 15009,
      "rabitq_kernels": 0,
      "rabitq_rdma_bytes": 0,
      "rdma_read_bytes": 13932792980,
      "rdma_write_bytes": 10971232,
      "remote_allocations": 339,
      "vector_rdma_bytes": 13836331904,
      "visited_neighborlists": 0,
      "visited_nodes": 0
    },
    "latency": {
      "end_to_end_ns": 59961306863,
      "mean_end_to_end_ns": 176877011,
      "mean_queue_wait_ns": 4017,
      "mean_service_ns": 176872994,
      "p50_end_to_end_ns": 203901116,
      "p50_service_ns": 203897845,
      "p95_end_to_end_ns": 228636219,
      "p95_service_ns": 228632706,
      "p99_end_to_end_ns": 239794748,
      "p99_service_ns": 239791161,
      "queue_wait_ns": 1361776,
      "service_ns": 59959945087
    },
    "operation": "insert",
    "sub_breakdown": {
      "cpu_ns": {
        "cpu_cache_lookup_ns": 232415,
        "cpu_insert_beam_update_ns": 94597443,
        "cpu_insert_candidate_collect_ns": 676046,
        "cpu_insert_candidate_sort_ns": 75912244,
        "cpu_insert_filter_ns": 250974636,
        "cpu_insert_finalize_ns": 36833529,
        "cpu_insert_init_ns": 2741359,
        "cpu_insert_neighbor_collect_ns": 4967693,
        "cpu_insert_neighbor_prepare_ns": 94818,
        "cpu_insert_overflow_prepare_ns": 20452561,
        "cpu_insert_preprune_sort_ns": 2380117,
        "cpu_insert_prune_prepare_ns": 2797270,
        "cpu_insert_pruned_neighbor_collect_ns": 6108790,
        "cpu_insert_quantize_prepare_ns": 15416,
        "cpu_insert_runtime_overhead_ns": 212589718,
        "cpu_insert_select_ns": 75983766,
        "cpu_insert_stage_candidates_ns": 1296308911,
        "cpu_query_beam_sort_ns": 0,
        "cpu_query_beam_update_ns": 0,
        "cpu_query_filter_ns": 0,
        "cpu_query_finalize_ns": 0,
        "cpu_query_rerank_collect_ns": 0,
        "cpu_query_rerank_prepare_ns": 0,
        "cpu_query_rerank_update_ns": 0,
        "cpu_query_result_ids_ns": 0,
        "cpu_query_select_ns": 0,
        "cpu_query_stage_candidates_ns": 0
      },
      "gpu_ns": {
        "gpu_insert_distance_ns": 2851307977,
        "gpu_insert_overflow_distance_ns": 787554364,
        "gpu_insert_overflow_prune_ns": 43548926560,
        "gpu_insert_prune_ns": 5015912219,
        "gpu_insert_quantize_ns": 88408031,
        "gpu_query_distance_ns": 0,
        "gpu_query_prepare_ns": 0,
        "gpu_query_rerank_ns": 0
      },
      "rdma_ns": {
        "rdma_alloc_ns": 2013476,
        "rdma_candidate_fetch_ns": 62558165,
        "rdma_header_write_ns": 0,
        "rdma_medoid_ptr_ns": 1559407,
        "rdma_medoid_update_ns": 0,
        "rdma_neighbor_fetch_ns": 831483806,
        "rdma_neighbor_list_read_ns": 85490673,
        "rdma_neighbor_list_write_ns": 17897976,
        "rdma_neighbor_lock_ns": 57514352,
        "rdma_neighbor_node_read_ns": 81418399,
        "rdma_neighbor_unlock_ns": 37956765,
        "rdma_new_node_write_ns": 2506533,
        "rdma_overflow_vec_fetch_ns": 503548340,
        "rdma_pruned_neighbor_write_ns": 98775912,
        "rdma_rabitq_fetch_ns": 0,
        "rdma_rerank_fetch_ns": 0,
        "rdma_vector_fetch_ns": 1767391146
      },
      "transfer_ns": {
        "transfer_candidate_h2d_ns": 353888125,
        "transfer_distance_d2h_ns": 1070821361,
        "transfer_insert_query_h2d_ns": 2299672,
        "transfer_overflow_candidate_h2d_ns": 52405089,
        "transfer_overflow_dist_d2h_ns": 158037065,
        "transfer_overflow_prune_d2h_ns": 197228744,
        "transfer_overflow_prune_inputs_h2d_ns": 95731148,
        "transfer_overflow_query_h2d_ns": 62034353,
        "transfer_prune_d2h_ns": 4976077,
        "transfer_prune_h2d_ns": 2798681,
        "transfer_quantize_d2h_ns": 33833939,
        "transfer_query_h2d_ns": 0,
        "transfer_rabitq_h2d_ns": 0,
        "transfer_rerank_d2h_ns": 0,
        "transfer_rerank_h2d_ns": 0
      }
    }
  },
  "meta": {
    "client_threads": 2,
    "coroutines": 4,
    "dim": 1024,
    "measure_mixed": {
      "completed_reads": 5757,
      "completed_writes": 339,
      "issued_reads": 5757,
      "issued_writes": 339
    },
    "measure_ops": 1000,
    "measure_seconds": 60,
    "operation_granularity": "single_vector",
    "read_ratio": 0.5,
    "run_mode": "time",
    "search_mode": "rabitq_gpu",
    "synthetic_query_vectors": 8192,
    "threads": 4,
    "time_completion_policy": "drain",
    "time_issue_policy": "bounded_by_observed_call_latency",
    "warmup_mixed": {
      "completed_reads": 2527,
      "completed_writes": 403,
      "issued_reads": 2527,
      "issued_writes": 403
    },
    "warmup_ops": 100,
    "warmup_seconds": 30,
    "workload": "mixed"
  },
  "query_breakdown": {
    "breakdown": {
      "cpu_ns": 5721018055,
      "gpu_ns": 29022376968,
      "rdma_ns": 15811660030,
      "transfer_ns": 9314973509
    },
    "count": 5757,
    "counters": {
      "cache_hits": 55623,
      "cache_misses": 7704,
      "cas_failures": 0,
      "d2h_bytes": 89806692,
      "exact_reranks": 5757,
      "h2d_bytes": 13674805704,
      "l2_kernels": 0,
      "lock_attempts": 0,
      "lock_retries": 0,
      "neighbor_rdma_bytes": 407898099,
      "overflow_prunes": 0,
      "prune_kernels": 0,
      "rabitq_kernels": 686909,
      "rabitq_rdma_bytes": 11387480520,
      "rdma_read_bytes": 14090848035,
      "rdma_write_bytes": 0,
      "remote_allocations": 0,
      "vector_rdma_bytes": 2295423360,
      "visited_neighborlists": 795123,
      "visited_nodes": 0
    },
    "latency": {
      "end_to_end_ns": 59891548989,
      "mean_end_to_end_ns": 10403256,
      "mean_queue_wait_ns": 3738,
      "mean_service_ns": 10399518,
      "p50_end_to_end_ns": 10010032,
      "p50_service_ns": 10006896,
      "p95_end_to_end_ns": 16745384,
      "p95_service_ns": 16741920,
      "p99_end_to_end_ns": 20587990,
      "p99_service_ns": 20584466,
      "queue_wait_ns": 21520427,
      "service_ns": 59870028562
    },
    "operation": "query",
    "sub_breakdown": {
      "cpu_ns": {
        "cpu_cache_lookup_ns": 81869388,
        "cpu_insert_beam_update_ns": 0,
        "cpu_insert_candidate_collect_ns": 0,
        "cpu_insert_candidate_sort_ns": 0,
        "cpu_insert_filter_ns": 0,
        "cpu_insert_finalize_ns": 0,
        "cpu_insert_init_ns": 0,
        "cpu_insert_neighbor_collect_ns": 0,
        "cpu_insert_neighbor_prepare_ns": 0,
        "cpu_insert_overflow_prepare_ns": 0,
        "cpu_insert_preprune_sort_ns": 0,
        "cpu_insert_prune_prepare_ns": 0,
        "cpu_insert_pruned_neighbor_collect_ns": 0,
        "cpu_insert_quantize_prepare_ns": 0,
        "cpu_insert_select_ns": 0,
        "cpu_insert_stage_candidates_ns": 0,
        "cpu_query_beam_sort_ns": 21988396,
        "cpu_query_beam_update_ns": 521087572,
        "cpu_query_filter_ns": 1888864926,
        "cpu_query_finalize_ns": 102117146,