{
  "bottleneck_summary": {
    "insert": "insert breakdown\n  count: 597\n  latency_ms: mean=200.539 p50=229.404 p95=266.58 p99=288.997\n  top_categories:\n    gpu_ns: 101522 ms (84.8002%)\n    rdma_ns: 8354.93 ms (6.97875%)\n    cpu_ns: 4976.68 ms (4.15695%)\n    transfer_ns: 4865.55 ms (4.06412%)\n",
    "query": "query breakdown\n  count: 8515\n  latency_ms: mean=14.0706 p50=13.3298 p95=22.5096 p99=27.3029\n  top_categories:\n    gpu_ns: 50792.7 ms (42.4047%)\n    rdma_ns: 33633.7 ms (28.0794%)\n    transfer_ns: 21685.9 ms (18.1046%)\n    cpu_ns: 13668.5 ms (11.4113%)\n"
  },
  "insert_breakdown": {
    "breakdown": {
      "cpu_ns": 4976682676,
      "gpu_ns": 101522430613,
      "rdma_ns": 8354930324,
      "transfer_ns": 4865550049
    },
    "count": 597,
    "counters": {
      "cache_hits": 705,
      "cache_misses": 0,
      "cas_failures": 42210,
      "d2h_bytes": 34485796,
      "exact_reranks": 0,
      "h2d_bytes": 27506272344,
      "l2_kernels": 232778,
      "lock_attempts": 73180,
      "lock_retries": 42210,
      "neighbor_rdma_bytes": 197812800,
      "overflow_prunes": 32107,
      "prune_kernels": 32807,
      "rabitq_kernels": 0,
      "rabitq_rdma_bytes": 0,
      "rdma_read_bytes": 27568728744,
      "rdma_write_bytes": 22262044,
      "remote_allocations": 695,
      "vector_rdma_bytes": 27370910304,
      "visited_neighborlists": 0,
      "visited_nodes": 0
    },
    "latency": {
      "end_to_end_ns": 119721969769,
      "mean_end_to_end_ns": 200539312,
      "mean_queue_wait_ns": 3980,
      "mean_service_ns": 200535332,
      "p50_end_to_end_ns": 229403977,
      "p50_service_ns": 229398472,
      "p95_end_to_end_ns": 266580286,
      "p95_service_ns": 266576754,
      "p99_end_to_end_ns": 288997316,
      "p99_service_ns": 288992886,
      "queue_wait_ns": 2376107,
      "service_ns": 119719593662
    },
    "operation": "insert",
    "sub_breakdown": {
      "cpu_ns": {
        "cpu_cache_lookup_ns": 444071,
        "cpu_insert_beam_update_ns": 165627976,
        "cpu_insert_candidate_collect_ns": 1954409,
        "cpu_insert_candidate_sort_ns": 206096952,
        "cpu_insert_filter_ns": 451405501,
        "cpu_insert_finalize_ns": 64116061,
        "cpu_insert_init_ns": 5191986,
        "cpu_insert_neighbor_collect_ns": 9373626,
        "cpu_insert_neighbor_prepare_ns": 127857,
        "cpu_insert_overflow_prepare_ns": 38639065,
        "cpu_insert_preprune_sort_ns": 4198892,
        "cpu_insert_prune_prepare_ns": 7288429,
        "cpu_insert_pruned_neighbor_collect_ns": 11425993,
        "cpu_insert_quantize_prepare_ns": 28282,
        "cpu_insert_runtime_overhead_ns": 635914060,
        "cpu_insert_select_ns": 129146337,
        "cpu_insert_stage_candidates_ns": 3245703179,
        "cpu_query_beam_sort_ns": 0,
        "cpu_query_beam_update_ns": 0,
        "cpu_query_filter_ns": 0,
        "cpu_query_finalize_ns": 0,
        "cpu_query_rerank_collect_ns": 0,
        "cpu_query_rerank_prepare_ns": 0,
        "cpu_query_rerank_update_ns": 0,
        "cpu_query_result_ids_ns": 0,
        "cpu_query_select_ns": 0,
        "cpu_query_stage_candidates_ns": 0
      },
      "gpu_ns": {
        "gpu_insert_distance_ns": 5406556552,
        "gpu_insert_overflow_distance_ns": 1577252519,
        "gpu_insert_overflow_prune_ns": 85492969484,
        "gpu_insert_prune_ns": 8882534457,
        "gpu_insert_quantize_ns": 163117601,
        "gpu_query_distance_ns": 0,
        "gpu_query_prepare_ns": 0,
        "gpu_query_rerank_ns": 0
      },
      "rdma_ns": {
        "rdma_alloc_ns": 4296969,
        "rdma_candidate_fetch_ns": 157295986,
        "rdma_header_write_ns": 0,
        "rdma_medoid_ptr_ns": 2797723,
        "rdma_medoid_update_ns": 0,
        "rdma_neighbor_fetch_ns": 1824381696,
        "rdma_neighbor_list_read_ns": 181177597,
        "rdma_neighbor_list_write_ns": 24824980,
        "rdma_neighbor_lock_ns": 236863983,
        "rdma_neighbor_node_read_ns": 171952302,
        "rdma_neighbor_unlock_ns": 77439510,
        "rdma_new_node_write_ns": 5016256,
        "rdma_overflow_vec_fetch_ns": 1426479856,
        "rdma_pruned_neighbor_write_ns": 240837569,
        "rdma_rabitq_fetch_ns": 0,
        "rdma_rerank_fetch_ns": 0,
        "rdma_vector_fetch_ns": 4001565897
      },
      "transfer_ns": {
        "transfer_candidate_h2d_ns": 899411569,
        "transfer_distance_d2h_ns": 2384451643,
        "transfer_insert_query_h2d_ns": 4431521,
        "transfer_overflow_candidate_h2d_ns": 154219153,
        "transfer_overflow_dist_d2h_ns": 389620425,
        "transfer_overflow_prune_d2h_ns": 504545463,
        "transfer_overflow_prune_inputs_h2d_ns": 281512639,
        "transfer_overflow_query_h2d_ns": 166435668,
        "transfer_prune_d2h_ns": 11808332,
        "transfer_prune_h2d_ns": 7289400,
        "transfer_quantize_d2h_ns": 61824236,
        "transfer_query_h2d_ns": 0,
        "transfer_rabitq_h2d_ns": 0,
        "transfer_rerank_d2h_ns": 0,
        "transfer_rerank_h2d_ns": 0
      }
    }
  },
  "meta": {
    "client_threads": 4,
    "coroutines": 4,
    "dim": 1024,
    "measure_mixed": {
      "completed_reads": 8515,
      "completed_writes": 597,
      "issued_reads": 8515,
      "issued_writes": 597
    },
    "measure_ops": 1000,
    "measure_seconds": 60,
    "operation_granularity": "single_vector",
    "read_ratio": 0.5,
    "run_mode": "time",
    "search_mode": "rabitq_gpu",
    "synthetic_query_vectors": 16384,
    "threads": 4,
    "time_completion_policy": "drain",
    "time_issue_policy": "bounded_by_observed_call_latency",
    "warmup_mixed": {
      "completed_reads": 3701,
      "completed_writes": 513,
      "issued_reads": 3701,
      "issued_writes": 513
    },
    "warmup_ops": 100,
    "warmup_seconds": 30,
    "workload": "mixed"
  },
  "query_breakdown": {
    "breakdown": {
      "cpu_ns": 13668523089,
      "gpu_ns": 50792676052,
      "rdma_ns": 33633703782,
      "transfer_ns": 21685866661
    },
    "count": 8515,
    "counters": {
      "cache_hits": 91122,
      "cache_misses": 11216,
      "cas_failures": 0,
      "d2h_bytes": 148292524,
      "exact_reranks": 9304,
      "h2d_bytes": 22507478008,
      "l2_kernels": 0,
      "lock_attempts": 0,
      "lock_retries": 0,
      "neighbor_rdma_bytes": 660812229,
      "overflow_prunes": 0,
      "prune_kernels": 0,
      "rabitq_kernels": 1174660,
      "rabitq_rdma_bytes": 18809020880,
      "rdma_read_bytes": 23173329733,
      "rdma_write_bytes": 0,
      "remote_allocations": 0,
      "vector_rdma_bytes": 3703422208,
      "visited_neighborlists": 1287826,
      "visited_nodes": 0
    },
    "latency": {
      "end_to_end_ns": 119811119544,
      "mean_end_to_end_ns": 14070595,
      "mean_queue_wait_ns": 3564,
      "mean_service_ns": 14067031,
      "p50_end_to_end_ns": 13329848,
      "p50_service_ns": 13326466,
      "p95_end_to_end_ns": 22509584,
      "p95_service_ns": 22505768,
      "p99_end_to_end_ns": 27302852,
      "p99_service_ns": 27299599,
      "queue_wait_ns": 30349960,
      "service_ns": 119780769584
    },
    "operation": "query",
    "sub_breakdown": {
      "cpu_ns": {
        "cpu_cache_lookup_ns": 125054194,
        "cpu_insert_beam_update_ns": 0,
        "cpu_insert_candidate_collect_ns": 0,
        "cpu_insert_candidate_sort_ns": 0,
        "cpu_insert_filter_ns": 0,
        "cpu_insert_finalize_ns": 0,
        "cpu_insert_init_ns": 0,
        "cpu_insert_neighbor_collect_ns": 0,
        "cpu_insert_neighbor_prepare_ns": 0,
        "cpu_insert_overflow_prepare_ns": 0,
        "cpu_insert_preprune_sort_ns": 0,
        "cpu_insert_prune_prepare_ns": 0,
        "cpu_insert_pruned_neighbor_collect_ns": 0,
        "cpu_insert_quantize_prepare_ns": 0,
        "cpu_insert_select_ns": 0,
        "cpu_insert_stage_candidates_ns": 0,
        "cpu_query_beam_sort_ns": 33189512,
        "cpu_query_beam_update_ns": 794908693,
        "cpu_query_filter_ns": 2959148432,
        "cpu_query_finalize_ns": 154767180,