{
  "bottleneck_summary": {
    "insert": "insert breakdown\n  count: 1550\n  latency_ms: mean=308.449 p50=319.872 p95=422.927 p99=474.657\n  top_categories:\n    gpu_ns: 319402 ms (66.817%)\n    rdma_ns: 117635 ms (24.6085%)\n    cpu_ns: 26589.2 ms (5.5623%)\n    transfer_ns: 14399 ms (3.01218%)\n",
    "query": "query breakdown\n  count: 13171\n  latency_ms: mean=36.2874 p50=34.0625 p95=59.0615 p99=72.9247\n  top_categories:\n    rdma_ns: 275750 ms (57.9104%)\n    gpu_ns: 131624 ms (27.6425%)\n    cpu_ns: 53876.6 ms (11.3146%)\n    transfer_ns: 14915.7 ms (3.13244%)\n"
  },
  "insert_breakdown": {
    "breakdown": {
      "cpu_ns": 26589204777,
      "gpu_ns": 319402217184,
      "rdma_ns": 117635116505,
      "transfer_ns": 14399003619
    },
    "count": 1550,
    "counters": {
      "cache_hits": 6188,
      "cache_misses": 0,
      "cas_failures": 95146,
      "d2h_bytes": 318304096,
      "exact_reranks": 0,
      "h2d_bytes": 249529317096,
      "l2_kernels": 2340527,
      "lock_attempts": 179492,
      "lock_retries": 95146,
      "neighbor_rdma_bytes": 1749720393,
      "overflow_prunes": 312134,
      "prune_kernels": 318371,
      "rabitq_kernels": 0,
      "rabitq_rdma_bytes": 0,
      "rdma_read_bytes": 249881017337,
      "rdma_write_bytes": 206027825,
      "remote_allocations": 6197,
      "vector_rdma_bytes": 248131247424,
      "visited_neighborlists": 0,
      "visited_nodes": 0
    },
    "latency": {
      "end_to_end_ns": 478096407275,
      "mean_end_to_end_ns": 308449295,
      "mean_queue_wait_ns": 45719,
      "mean_service_ns": 308403575,
      "p50_end_to_end_ns": 319871587,
      "p50_service_ns": 319779647,
      "p95_end_to_end_ns": 422927062,
      "p95_service_ns": 422921208,
      "p99_end_to_end_ns": 474657158,
      "p99_service_ns": 474650995,
      "queue_wait_ns": 70865190,
      "service_ns": 478025542085
    },
    "operation": "insert",
    "sub_breakdown": {
      "cpu_ns": {
        "cpu_cache_lookup_ns": 1084761,
        "cpu_insert_beam_update_ns": 464396126,
        "cpu_insert_candidate_collect_ns": 4280258,
        "cpu_insert_candidate_sort_ns": 1164754766,
        "cpu_insert_filter_ns": 1475231904,
        "cpu_insert_finalize_ns": 229408352,
        "cpu_insert_init_ns": 13794339,
        "cpu_insert_neighbor_collect_ns": 32614028,
        "cpu_insert_neighbor_prepare_ns": 305879,
        "cpu_insert_overflow_prepare_ns": 124156866,
        "cpu_insert_preprune_sort_ns": 10758939,
        "cpu_insert_prune_prepare_ns": 19263643,
        "cpu_insert_pruned_neighbor_collect_ns": 37662325,
        "cpu_insert_quantize_prepare_ns": 88173,
        "cpu_insert_runtime_overhead_ns": 4947973467,
        "cpu_insert_select_ns": 335892142,
        "cpu_insert_stage_candidates_ns": 17727538809,
        "cpu_query_beam_sort_ns": 0,
        "cpu_query_beam_update_ns": 0,
        "cpu_query_filter_ns": 0,
        "cpu_query_finalize_ns": 0,
        "cpu_query_rerank_collect_ns": 0,
        "cpu_query_rerank_prepare_ns": 0,
        "cpu_query_rerank_update_ns": 0,
        "cpu_query_result_ids_ns": 0,
        "cpu_query_select_ns": 0,
        "cpu_query_stage_candidates_ns": 0
      },
      "gpu_ns": {
        "gpu_insert_distance_ns": 38516524639,
        "gpu_insert_overflow_distance_ns": 7819641990,
        "gpu_insert_overflow_prune_ns": 248172771713,
        "gpu_insert_prune_ns": 24369012845,
        "gpu_insert_quantize_ns": 524265997,
        "gpu_query_distance_ns": 0,
        "gpu_query_prepare_ns": 0,
        "gpu_query_rerank_ns": 0
      },
      "rdma_ns": {
        "rdma_alloc_ns": 88229846,
        "rdma_candidate_fetch_ns": 1203338294,
        "rdma_header_write_ns": 0,
        "rdma_medoid_ptr_ns": 82297633,
        "rdma_medoid_update_ns": 0,
        "rdma_neighbor_fetch_ns": 39717915244,
        "rdma_neighbor_list_read_ns": 3198611442,
        "rdma_neighbor_list_write_ns": 276295748,
        "rdma_neighbor_lock_ns": 4066678926,
        "rdma_neighbor_node_read_ns": 3276654354,
        "rdma_neighbor_unlock_ns": 2834433512,
        "rdma_new_node_write_ns": 62071723,
        "rdma_overflow_vec_fetch_ns": 13047958005,
        "rdma_pruned_neighbor_write_ns": 4390594314,
        "rdma_rabitq_fetch_ns": 0,
        "rdma_rerank_fetch_ns": 0,
        "rdma_vector_fetch_ns": 45390037464
      },
      "transfer_ns": {
        "transfer_candidate_h2d_ns": 2687677767,
        "transfer_distance_d2h_ns": 7190805756,
        "transfer_insert_query_h2d_ns": 10263175,
        "transfer_overflow_candidate_h2d_ns": 451860409,
        "transfer_overflow_dist_d2h_ns": 1155372661,
        "transfer_overflow_prune_d2h_ns": 1431521801,
        "transfer_overflow_prune_inputs_h2d_ns": 768536480,
        "transfer_overflow_query_h2d_ns": 489778141,
        "transfer_prune_d2h_ns": 29205353,
        "transfer_prune_h2d_ns": 19267458,
        "transfer_quantize_d2h_ns": 164714618,
        "transfer_query_h2d_ns": 0,
        "transfer_rabitq_h2d_ns": 0,
        "transfer_rerank_d2h_ns": 0,
        "transfer_rerank_h2d_ns": 0
      }
    }
  },
  "meta": {
    "client_threads": 16,
    "coroutines": 4,
    "dim": 1024,
    "measure_mixed": {
      "completed_reads": 13171,
      "completed_writes": 1550,
      "issued_reads": 13171,
      "issued_writes": 1550
    },
    "measure_ops": 1000,
    "measure_seconds": 60,
    "operation_granularity": "single_vector",
    "read_ratio": 0.5,
    "run_mode": "time",
    "search_mode": "exact_gpu",
    "synthetic_query_vectors": 65536,
    "threads": 4,
    "time_completion_policy": "drain",
    "time_issue_policy": "bounded_by_observed_call_latency",
    "warmup_mixed": {
      "completed_reads": 5339,
      "completed_writes": 729,
      "issued_reads": 5339,
      "issued_writes": 729
    },
    "warmup_ops": 100,
    "warmup_seconds": 30,
    "workload": "mixed"
  },
  "query_breakdown": {
    "breakdown": {
      "cpu_ns": 53876556522,
      "gpu_ns": 131624397107,
      "rdma_ns": 275750370367,
      "transfer_ns": 14915662025
    },
    "count": 13171,
    "counters": {
      "cache_hits": 498816,
      "cache_misses": 76855,
      "cas_failures": 0,
      "d2h_bytes": 488015296,
      "exact_reranks": 0,
      "h2d_bytes": 499844710400,
      "l2_kernels": 0,
      "lock_attempts": 0,
      "lock_retries": 0,
      "neighbor_rdma_bytes": 1459801521,
      "overflow_prunes": 0,
      "prune_kernels": 0,
      "rabitq_kernels": 0,
      "rabitq_rdma_bytes": 0,
      "rdma_read_bytes": 501080789193,
      "rdma_write_bytes": 0,
      "remote_allocations": 0,
      "vector_rdma_bytes": 499620569568,
      "visited_neighborlists": 2843409,
      "visited_nodes": 0
    },
    "latency": {
      "end_to_end_ns": 477941872407,
      "mean_end_to_end_ns": 36287440,
      "mean_queue_wait_ns": 134757,
      "mean_service_ns": 36152682,
      "p50_end_to_end_ns": 34062481,
      "p50_service_ns": 33926039,
      "p95_end_to_end_ns": 59061543,
      "p95_service_ns": 58906956,
      "p99_end_to_end_ns": 72924735,
      "p99_service_ns": 72723807,
      "queue_wait_ns": 1774886386,
      "service_ns": 476166986021
    },
    "operation": "query",
    "sub_breakdown": {
      "cpu_ns": {
        "cpu_cache_lookup_ns": 3186510347,
        "cpu_insert_beam_update_ns": 0,
        "cpu_insert_candidate_collect_ns": 0,
        "cpu_insert_candidate_sort_ns": 0,
        "cpu_insert_filter_ns": 0,
        "cpu_insert_finalize_ns": 0,
        "cpu_insert_init_ns": 0,
        "cpu_insert_neighbor_collect_ns": 0,
        "cpu_insert_neighbor_prepare_ns": 0,
        "cpu_insert_overflow_prepare_ns": 0,
        "cpu_insert_preprune_sort_ns": 0,
        "cpu_insert_prune_prepare_ns": 0,
        "cpu_insert_pruned_neighbor_collect_ns": 0,
        "cpu_insert_quantize_prepare_ns": 0,
        "cpu_insert_select_ns": 0,
        "cpu_insert_stage_candidates_ns": 0,
        "cpu_query_beam_sort_ns": 7507421,
        "cpu_query_beam_update_ns": 537068210,