{
  "bottleneck_summary": {
    "insert": "insert breakdown\n  count: 387\n  latency_ms: mean=1223.62 p50=1151.16 p95=1940.61 p99=2140.47\n  top_categories:\n    gpu_ns: 406384 ms (85.8204%)\n    rdma_ns: 54428.3 ms (11.4942%)\n    cpu_ns: 8249.75 ms (1.74219%)\n    transfer_ns: 4466.25 ms (0.943185%)\n",
    "query": "query breakdown\n  count: 1680\n  latency_ms: mean=285.47 p50=275.975 p95=479.782 p99=595.323\n  top_categories:\n    gpu_ns: 394440 ms (82.2708%)\n    rdma_ns: 75088.7 ms (15.6617%)\n    cpu_ns: 5531.64 ms (1.15377%)\n    transfer_ns: 4380.47 ms (0.913664%)\n"
  },
  "insert_breakdown": {
    "breakdown": {
      "cpu_ns": 8249749517,
      "gpu_ns": 406383738208,
      "rdma_ns": 54428342146,
      "transfer_ns": 4466245433
    },
    "count": 387,
    "counters": {
      "cache_hits": 1540,
      "cache_misses": 0,
      "cas_failures": 20023,
      "d2h_bytes": 83066768,
      "exact_reranks": 0,
      "h2d_bytes": 76790091176,
      "l2_kernels": 677846,
      "lock_attempts": 35570,
      "lock_retries": 20023,
      "neighbor_rdma_bytes": 436098735,
      "overflow_prunes": 36602,
      "prune_kernels": 38148,
      "rabitq_kernels": 0,
      "rabitq_rdma_bytes": 0,
      "rdma_read_bytes": 77139705031,
      "rdma_write_bytes": 39880551,
      "remote_allocations": 1543,
      "vector_rdma_bytes": 76703594000,
      "visited_neighborlists": 0,
      "visited_nodes": 0
    },
    "latency": {
      "end_to_end_ns": 473541928599,
      "mean_end_to_end_ns": 1223622554,
      "mean_queue_wait_ns": 35796,
      "mean_service_ns": 1223586757,
      "p50_end_to_end_ns": 1151158525,
      "p50_service_ns": 1151102963,
      "p95_end_to_end_ns": 1940608034,
      "p95_service_ns": 1940594153,
      "p99_end_to_end_ns": 2140472215,
      "p99_service_ns": 2140445676,
      "queue_wait_ns": 13853295,
      "service_ns": 473528075304
    },
    "operation": "insert",
    "sub_breakdown": {
      "cpu_ns": {
        "cpu_cache_lookup_ns": 309423,
        "cpu_insert_beam_update_ns": 142314150,
        "cpu_insert_candidate_collect_ns": 1407492,
        "cpu_insert_candidate_sort_ns": 121165995,
        "cpu_insert_filter_ns": 636993858,
        "cpu_insert_finalize_ns": 102036034,
        "cpu_insert_init_ns": 3544980,
        "cpu_insert_neighbor_collect_ns": 3808801,
        "cpu_insert_neighbor_prepare_ns": 240265,
        "cpu_insert_overflow_prepare_ns": 18432392,
        "cpu_insert_preprune_sort_ns": 2865911,
        "cpu_insert_prune_prepare_ns": 5556806,
        "cpu_insert_pruned_neighbor_collect_ns": 4936063,
        "cpu_insert_quantize_prepare_ns": 18809,
        "cpu_insert_runtime_overhead_ns": 518278263,
        "cpu_insert_select_ns": 103845254,
        "cpu_insert_stage_candidates_ns": 6583995021,
        "cpu_query_beam_sort_ns": 0,
        "cpu_query_beam_update_ns": 0,
        "cpu_query_filter_ns": 0,
        "cpu_query_finalize_ns": 0,
        "cpu_query_rerank_collect_ns": 0,
        "cpu_query_rerank_prepare_ns": 0,
        "cpu_query_rerank_update_ns": 0,
        "cpu_query_result_ids_ns": 0,
        "cpu_query_select_ns": 0,
        "cpu_query_stage_candidates_ns": 0
      },
      "gpu_ns": {
        "gpu_insert_distance_ns": 306279223395,
        "gpu_insert_overflow_distance_ns": 27954685522,
        "gpu_insert_overflow_prune_ns": 63950593940,
        "gpu_insert_prune_ns": 7457836537,
        "gpu_insert_quantize_ns": 741398814,
        "gpu_query_distance_ns": 0,
        "gpu_query_prepare_ns": 0,
        "gpu_query_rerank_ns": 0
      },
      "rdma_ns": {
        "rdma_alloc_ns": 48522326,
        "rdma_candidate_fetch_ns": 236792384,
        "rdma_header_write_ns": 0,
        "rdma_medoid_ptr_ns": 18503799,
        "rdma_medoid_update_ns": 0,
        "rdma_neighbor_fetch_ns": 19415428142,
        "rdma_neighbor_list_read_ns": 526997248,
        "rdma_neighbor_list_write_ns": 224330811,
        "rdma_neighbor_lock_ns": 1056549118,
        "rdma_neighbor_node_read_ns": 503169109,
        "rdma_neighbor_unlock_ns": 490340265,
        "rdma_new_node_write_ns": 28074804,
        "rdma_overflow_vec_fetch_ns": 606974989,
        "rdma_pruned_neighbor_write_ns": 302404165,
        "rdma_rabitq_fetch_ns": 0,
        "rdma_rerank_fetch_ns": 0,
        "rdma_vector_fetch_ns": 30970254986
      },
      "transfer_ns": {
        "transfer_candidate_h2d_ns": 882801171,
        "transfer_distance_d2h_ns": 2912199845,
        "transfer_insert_query_h2d_ns": 3115577,
        "transfer_overflow_candidate_h2d_ns": 65441420,
        "transfer_overflow_dist_d2h_ns": 166437152,
        "transfer_overflow_prune_d2h_ns": 197169473,
        "transfer_overflow_prune_inputs_h2d_ns": 101398367,
        "transfer_overflow_query_h2d_ns": 70243786,
        "transfer_prune_d2h_ns": 8395180,
        "transfer_prune_h2d_ns": 5557880,
        "transfer_quantize_d2h_ns": 53485582,
        "transfer_query_h2d_ns": 0,
        "transfer_rabitq_h2d_ns": 0,
        "transfer_rerank_d2h_ns": 0,
        "transfer_rerank_h2d_ns": 0
      }
    }
  },
  "meta": {
    "client_threads": 16,
    "coroutines": 4,
    "dim": 1024,
    "measure_mixed": {
      "completed_reads": 1680,
      "completed_writes": 387,
      "issued_reads": 1680,
      "issued_writes": 387
    },
    "measure_ops": 1000,
    "measure_seconds": 60,
    "operation_granularity": "single_vector",
    "read_ratio": 0.5,
    "run_mode": "time",
    "search_mode": "rabitq_gpu",
    "synthetic_query_vectors": 65536,
    "threads": 4,
    "time_completion_policy": "drain",
    "time_issue_policy": "bounded_by_observed_call_latency",
    "warmup_mixed": {
      "completed_reads": 876,
      "completed_writes": 221,
      "issued_reads": 876,
      "issued_writes": 221
    },
    "warmup_ops": 100,
    "warmup_seconds": 30,
    "workload": "mixed"
  },
  "query_breakdown": {
    "breakdown": {
      "cpu_ns": 5531638269,
      "gpu_ns": 394439565622,
      "rdma_ns": 75088710498,
      "transfer_ns": 4380474861
    },
    "count": 1680,
    "counters": {
      "cache_hits": 62132,
      "cache_misses": 11610,
      "cas_failures": 0,
      "d2h_bytes": 109531628,
      "exact_reranks": 6696,
      "h2d_bytes": 16546253920,
      "l2_kernels": 0,
      "lock_attempts": 0,
      "lock_retries": 0,
      "neighbor_rdma_bytes": 467242965,
      "overflow_prunes": 0,
      "prune_kernels": 0,
      "rabitq_kernels": 802904,
      "rabitq_rdma_bytes": 13864765720,
      "rdma_read_bytes": 17016324101,
      "rdma_write_bytes": 0,
      "remote_allocations": 0,
      "vector_rdma_bytes": 2684261824,
      "visited_neighborlists": 908627,
      "visited_nodes": 0
    },
    "latency": {
      "end_to_end_ns": 479588836969,
      "mean_end_to_end_ns": 285469545,
      "mean_queue_wait_ns": 88361,
      "mean_service_ns": 285381184,
      "p50_end_to_end_ns": 275974749,
      "p50_service_ns": 275971105,
      "p95_end_to_end_ns": 479781675,
      "p95_service_ns": 479584623,
      "p99_end_to_end_ns": 595322614,
      "p99_service_ns": 595315784,
      "queue_wait_ns": 148447719,
      "service_ns": 479440389250
    },
    "operation": "query",
    "sub_breakdown": {
      "cpu_ns": {
        "cpu_cache_lookup_ns": 219981550,
        "cpu_insert_beam_update_ns": 0,
        "cpu_insert_candidate_collect_ns": 0,
        "cpu_insert_candidate_sort_ns": 0,
        "cpu_insert_filter_ns": 0,
        "cpu_insert_finalize_ns": 0,
        "cpu_insert_init_ns": 0,
        "cpu_insert_neighbor_collect_ns": 0,
        "cpu_insert_neighbor_prepare_ns": 0,
        "cpu_insert_overflow_prepare_ns": 0,
        "cpu_insert_preprune_sort_ns": 0,
        "cpu_insert_prune_prepare_ns": 0,
        "cpu_insert_pruned_neighbor_collect_ns": 0,
        "cpu_insert_quantize_prepare_ns": 0,
        "cpu_insert_select_ns": 0,
        "cpu_insert_stage_candidates_ns": 0,
        "cpu_query_beam_sort_ns": 6767868,
        "cpu_query_beam_update_ns": 155454656,
        "cpu_query_filter_ns": 829241753,